market,opening_price,trade_price,high_price,low_price,candle_acc_trade_volume,candle_date_time_kst
KRW-BTC,80340000.0,80397000.0,80410000.0,80317000.0,3.01842317,2024-09-14T22:50:00
KRW-BTC,80311000.0,80340000.0,80410000.0,80290000.0,6.55508979,2024-09-14T22:45:00
KRW-BTC,80300000.0,80312000.0,80312000.0,80251000.0,1.99904484,2024-09-14T22:40:00
KRW-ETH,3250000.0,3251000.0,3251000.0,3248000.0,15.93431841,2024-09-14T22:50:00
KRW-ETH,3250000.0,3250000.0,3251000.0,3247000.0,23.50797779,2024-09-14T22:45:00
KRW-ETH,3247000.0,3250000.0,3251000.0,3246000.0,15.21123432,2024-09-14T22:40:00
BTC-ETH,0.04029484,0.0401,0.0403048,0.0401,3.0,2024-09-14T22:30:00
BTC-ETH,0.0403048,0.0403048,0.0403048,0.0403048,0.19227659,2024-09-14T21:10:00
BTC-ETH,0.0401,0.0401,0.0401,0.0401,0.002,2024-09-14T19:20:00
BTC-XRP,9.77e-06,9.77e-06,9.77e-06,9.77e-06,16.62517247,2024-09-14T22:05:00
BTC-XRP,9.89e-06,9.89e-06,9.89e-06,9.89e-06,1600.0,2024-09-14T21:20:00
BTC-XRP,9.9e-06,9.9e-06,9.9e-06,9.9e-06,51.0,2024-09-14T20:50:00
BTC-ETC,0.00030809,0.00031,0.00031,0.00030809,10.84522726,2024-09-14T19:05:00
BTC-ETC,0.0003117,0.0003117,0.0003117,0.0003117,0.06065094,2024-09-14T10:55:00
BTC-ETC,0.0003117,0.0003117,0.0003117,0.0003117,10.232733,2024-09-14T10:40:00
BTC-CVC,1.77e-06,1.77e-06,1.77e-06,1.77e-06,695.8744683,2024-09-14T14:10:00
BTC-CVC,1.89e-06,1.89e-06,1.89e-06,1.89e-06,6878.3068783,2024-09-13T12:15:00
BTC-CVC,1.89e-06,1.89e-06,1.89e-06,1.89e-06,50.31377551,2024-09-13T00:35:00
BTC-DGB,1.1e-07,1.1e-07,1.1e-07,1.1e-07,1000.0,2024-09-14T20:15:00
BTC-DGB,1.1e-07,1.1e-07,1.1e-07,1.1e-07,114879.70463368,2024-09-14T15:50:00
BTC-DGB,1.1e-07,1.1e-07,1.1e-07,1.1e-07,135977.64772882,2024-09-14T15:25:00
BTC-SC,8e-08,8e-08,8e-08,8e-08,52123.375,2024-09-14T14:55:00
BTC-SC,7e-08,7e-08,7e-08,7e-08,2701.04711628,2024-09-14T09:00:00
BTC-SC,7e-08,8e-08,8e-08,7e-08,1628736.96844676,2024-09-13T18:55:00
BTC-SNT,3.6e-07,3.6e-07,3.6e-07,3.6e-07,15492.84683029,2024-09-13T20:35:00
BTC-SNT,3.8e-07,3.8e-07,3.8e-07,3.8e-07,30985.69366058,2024-09-13T20:30:00
BTC-SNT,3.6e-07,3.6e-07,3.6e-07,3.6e-07,6003.26706735,2024-09-13T19:20:00
BTC-WAVES,1.717e-05,1.717e-05,1.717e-05,1.717e-05,412.43493389,2024-09-14T17:45:00
BTC-WAVES,1.693e-05,1.693e-05,1.693e-05,1.693e-05,109.98059598,2024-09-14T13:05:00
BTC-WAVES,1.736e-05,1.736e-05,1.736e-05,1.736e-05,112.44761659,2024-09-14T08:00:00
BTC-NMR,0.00024513,0.00024373,0.00024513,0.00024344,5.0,2024-09-14T18:35:00
BTC-NMR,0.00024848,0.00024848,0.00024848,0.00024848,17.427962,2024-09-14T14:40:00
BTC-NMR,0.00024473,0.00024473,0.00024473,0.00024473,33.30030237,2024-09-14T13:40:00
BTC-XEM,3e-07,3e-07,3e-07,3e-07,305.37556774,2024-09-14T20:40:00
BTC-XEM,3e-07,3e-07,3e-07,3e-07,18675.75823578,2024-09-14T20:00:00
BTC-XEM,3e-07,3e-07,3e-07,3e-07,2180.32345084,2024-09-14T11:25:00
BTC-QTUM,3.95e-05,3.95e-05,3.95e-05,3.95e-05,13.69521912,2024-09-14T19:45:00
BTC-QTUM,3.974e-05,3.974e-05,3.974e-05,3.974e-05,5.0,2024-09-14T06:25:00
BTC-QTUM,3.764e-05,3.764e-05,3.764e-05,3.764e-05,6.58837756,2024-09-13T23:50:00
BTC-BAT,2.96e-06,2.96e-06,2.96e-06,2.96e-06,7.07381636,2024-09-13T08:20:00
BTC-BAT,2.96e-06,2.96e-06,2.96e-06,2.96e-06,633.0,2024-09-13T06:25:00
BTC-BAT,2.88e-06,2.88e-06,2.88e-06,2.88e-06,115.33328335,2024-09-12T16:40:00
BTC-LSK,1.36e-05,1.36e-05,1.36e-05,1.36e-05,33.96621689,2024-09-13T20:55:00
BTC-LSK,1.348e-05,1.348e-05,1.348e-05,1.348e-05,10.0,2024-09-11T15:30:00
BTC-LSK,1.423e-05,1.423e-05,1.423e-05,1.423e-05,103.82544944,2024-09-11T14:25:00
BTC-STEEM,2.92e-06,2.92e-06,2.92e-06,2.92e-06,224.463,2024-09-13T12:55:00
BTC-STEEM,2.94e-06,2.94e-06,2.94e-06,2.94e-06,54.55872394,2024-09-13T08:40:00
BTC-STEEM,2.99e-06,2.99e-06,2.99e-06,2.99e-06,4042.40050086,2024-09-11T02:55:00
BTC-DOGE,1.75e-06,1.75e-06,1.75e-06,1.75e-06,1394.56210191,2024-09-14T22:05:00
BTC-DOGE,1.75e-06,1.75e-06,1.75e-06,1.75e-06,699.4403428,2024-09-14T20:40:00
BTC-DOGE,1.75e-06,1.75e-06,1.75e-06,1.75e-06,774.26296682,2024-09-14T20:20:00
BTC-BNT,8.14e-06,8.14e-06,8.14e-06,8.14e-06,100.0,2024-09-14T21:45:00
BTC-BNT,8.1e-06,8.1e-06,8.1e-06,8.1e-06,62.88532675,2024-09-14T20:25:00
BTC-BNT,8.11e-06,8.11e-06,8.11e-06,8.11e-06,100.0,2024-09-14T15:05:00
BTC-XLM,1.59e-06,1.59e-06,1.59e-06,1.59e-06,5000.0,2024-09-14T09:35:00
BTC-XLM,1.6e-06,1.6e-06,1.6e-06,1.6e-06,18.707722,2024-09-14T08:45:00
BTC-XLM,1.62e-06,1.62e-06,1.62e-06,1.62e-06,64.43829655,2024-09-14T00:55:00
BTC-ARDR,1.19e-06,1.19e-06,1.19e-06,1.19e-06,5000.0,2024-09-12T13:15:00
BTC-ARDR,1.13e-06,1.13e-06,1.13e-06,1.13e-06,9985.3174602,2024-09-12T11:55:00
BTC-ARDR,1.2e-06,1.2e-06,1.2e-06,1.2e-06,73.80560074,2024-09-12T06:20:00
BTC-ARK,5.33e-06,5.33e-06,5.33e-06,5.33e-06,663.08630393,2024-09-14T09:30:00
BTC-ARK,5.35e-06,5.35e-06,5.35e-06,5.35e-06,32.02484779,2024-09-11T10:35:00
BTC-ARK,5.35e-06,5.35e-06,5.35e-06,5.35e-06,42.69979705,2024-09-11T01:00:00
BTC-STORJ,6.07e-06,6.07e-06,6.07e-06,6.07e-06,152.0518975,2024-09-14T11:50:00
BTC-STORJ,6.06e-06,6.06e-06,6.06e-06,6.06e-06,61.81743251,2024-09-14T09:45:00
BTC-STORJ,6.28e-06,6.28e-06,6.28e-06,6.28e-06,259.57802547,2024-09-13T16:40:00
BTC-GRS,4.83e-06,4.83e-06,4.83e-06,4.83e-06,157.33700682,2024-09-14T21:10:00
BTC-GRS,4.83e-06,4.83e-06,4.83e-06,4.83e-06,202.25158146,2024-09-14T11:25:00
BTC-GRS,5.09e-06,5.09e-06,5.09e-06,5.09e-06,172.5165209,2024-09-13T15:50:00
BTC-RLC,2.518e-05,2.518e-05,2.518e-05,2.518e-05,3.6282764,2024-09-14T22:30:00
BTC-RLC,2.518e-05,2.518e-05,2.518e-05,2.518e-05,22.23987291,2024-09-14T19:50:00
BTC-RLC,2.49e-05,2.49e-05,2.49e-05,2.49e-05,1979.91967872,2024-09-14T19:00:00
USDT-BTC,59684.62,59684.62,59684.62,59684.62,0.0017303,2024-09-14T22:45:00
USDT-BTC,59684.62,59684.62,59684.62,59684.62,1.844e-05,2024-09-14T22:40:00
USDT-BTC,59685.0,59685.0,59685.0,59685.0,0.01306688,2024-09-14T22:10:00
USDT-ETH,2413.75,2413.75,2413.75,2413.75,0.00099363,2024-09-14T21:30:00
USDT-ETH,2424.61,2424.61,2424.61,2424.61,0.00023921,2024-09-14T16:25:00
USDT-ETH,2421.57,2421.57,2421.57,2421.57,0.00089556,2024-09-14T15:00:00
USDT-XRP,0.59,0.59,0.59,0.59,40.0,2024-09-14T20:45:00
USDT-XRP,0.5862,0.5862,0.5862,0.5858,500.57905965,2024-09-14T20:25:00
USDT-XRP,0.5848,0.5848,0.5848,0.5848,0.00057273,2024-09-14T20:15:00
USDT-ETC,18.79,18.81,18.81,18.79,0.59387284,2024-09-14T06:35:00
USDT-ETC,18.79,18.79,18.79,18.79,7.59,2024-09-14T06:30:00
USDT-ETC,18.57,18.57,18.57,18.57,0.10342214,2024-09-14T01:00:00
KRW-NEO,12990.0,12990.0,12990.0,12990.0,2030.68669163,2024-09-14T22:50:00
KRW-NEO,12990.0,12990.0,12990.0,12990.0,4.46578039,2024-09-14T22:45:00
KRW-NEO,13000.0,12990.0,13000.0,12990.0,245.45059889,2024-09-14T22:40:00
KRW-MTL,1226.0,1228.0,1228.0,1226.0,3340.79732998,2024-09-14T22:50:00
KRW-MTL,1226.0,1226.0,1226.0,1226.0,197.10769101,2024-09-14T22:45:00
KRW-MTL,1228.0,1228.0,1228.0,1228.0,8.14332247,2024-09-14T22:40:00
KRW-XRP,791.4,789.8,792.5,789.7,797569.12613156,2024-09-14T22:50:00
KRW-XRP,789.9,791.4,791.9,789.5,798774.86435113,2024-09-14T22:45:00
KRW-XRP,789.8,789.3,790.3,788.9,289252.58326465,2024-09-14T22:40:00
KRW-ETC,25040.0,25040.0,25040.0,25030.0,320.75208907,2024-09-14T22:50:00
KRW-ETC,25010.0,25040.0,25040.0,25010.0,392.50013487,2024-09-14T22:45:00
KRW-ETC,25040.0,25010.0,25040.0,25010.0,600.97875544,2024-09-14T22:40:00
KRW-SNT,29.72,29.94,30.06,29.64,2641827.62322573,2024-09-14T22:50:00
KRW-SNT,29.81,29.72,29.81,29.68,16741.0020101,2024-09-14T22:45:00
KRW-SNT,29.77,29.79,29.8,29.67,678022.58221323,2024-09-14T22:40:00
KRW-WAVES,1404.0,1404.0,1404.0,1403.0,18236.43215361,2024-09-14T22:50:00
KRW-WAVES,1407.0,1404.0,1407.0,1404.0,262.12876333,2024-09-14T22:45:00
KRW-WAVES,1404.0,1407.0,1407.0,1403.0,1965.79562934,2024-09-14T22:40:00
KRW-XEM,24.62,24.63,24.65,24.56,580300.32433359,2024-09-14T22:50:00
KRW-XEM,24.54,24.63,24.63,24.45,1297885.46114919,2024-09-14T22:45:00
KRW-XEM,24.62,24.55,24.62,24.43,1919955.37245905,2024-09-14T22:40:00
KRW-QTUM,3127.0,3127.0,3127.0,3127.0,145.04577655,2024-09-14T22:50:00
KRW-QTUM,3124.0,3120.0,3128.0,3119.0,1670.94414199,2024-09-14T22:45:00
KRW-QTUM,3123.0,3124.0,3124.0,3118.0,11557.99548833,2024-09-14T22:40:00
KRW-LSK,1080.0,1083.0,1083.0,1080.0,3371.74196551,2024-09-14T22:45:00
KRW-LSK,1080.0,1080.0,1080.0,1080.0,23.15831927,2024-09-14T22:40:00
KRW-LSK,1083.0,1083.0,1083.0,1083.0,646.35272391,2024-09-14T22:25:00
KRW-STEEM,230.5,230.5,230.5,230.5,1061.60709441,2024-09-14T22:45:00
KRW-STEEM,230.5,230.0,230.5,230.0,114.71998498,2024-09-14T22:30:00
KRW-STEEM,230.6,230.6,230.6,230.6,594.30615784,2024-09-14T22:05:00
KRW-XLM,130.5,130.5,130.8,130.5,2548.59572109,2024-09-14T22:50:00
KRW-XLM,130.5,130.5,130.7,130.4,42234.24842921,2024-09-14T22:45:00
KRW-XLM,130.4,130.3,130.4,130.3,62400.86664323,2024-09-14T22:40:00
KRW-ARDR,88.4,88.4,88.4,88.4,4400.0,2024-09-14T22:50:00
KRW-ARDR,88.38,88.38,88.38,88.38,1150.0,2024-09-14T22:35:00
KRW-ARDR,88.4,88.4,88.4,88.4,226.24434388,2024-09-14T22:30:00
KRW-ARK,423.9,423.2,423.9,423.2,6181.97802287,2024-09-14T22:35:00
KRW-ARK,425.0,425.0,425.0,425.0,422.30799998,2024-09-14T22:30:00
KRW-ARK,424.5,424.5,424.5,424.5,200.0,2024-09-14T22:20:00
KRW-STORJ,487.1,487.1,487.1,487.1,38863.475185,2024-09-14T22:40:00
KRW-STORJ,487.4,487.0,487.4,487.0,15412.42625983,2024-09-14T22:35:00
KRW-STORJ,487.1,487.0,487.1,487.0,1280.0,2024-09-14T22:30:00
KRW-GRS,393.1,393.6,393.6,393.1,3343.63726431,2024-09-14T22:45:00
KRW-GRS,393.1,393.1,393.1,393.1,3052.65835665,2024-09-14T22:40:00
KRW-GRS,393.1,393.1,393.1,393.1,156.85101964,2024-09-14T22:35:00
KRW-ADA,475.0,475.6,475.6,475.0,19516.29807345,2024-09-14T22:45:00
KRW-ADA,475.1,475.7,475.7,475.1,31.55902652,2024-09-14T22:40:00
KRW-ADA,474.5,474.6,475.3,474.4,20191.69135708,2024-09-14T22:35:00
BTC-ADA,5.92e-06,5.92e-06,5.92e-06,5.92e-06,78.00000099,2024-09-14T09:25:00
BTC-ADA,5.92e-06,5.92e-06,5.92e-06,5.92e-06,181.70889375,2024-09-14T08:40:00
BTC-ADA,6.13e-06,6.13e-06,6.13e-06,6.13e-06,1051.19738988,2024-09-13T21:50:00
BTC-MANA,4.73e-06,4.73e-06,4.73e-06,4.73e-06,2699.58718425,2024-09-13T02:10:00
BTC-MANA,4.62e-06,4.62e-06,4.62e-06,4.62e-06,3200.0,2024-09-12T16:35:00
BTC-MANA,4.63e-06,4.63e-06,4.63e-06,4.63e-06,12.19381214,2024-09-11T11:55:00
KRW-SBD,3296.0,3295.0,3296.0,3295.0,989.54993164,2024-09-14T22:50:00
KRW-SBD,3295.0,3295.0,3295.0,3295.0,141.47818422,2024-09-14T22:40:00
KRW-SBD,3295.0,3295.0,3295.0,3295.0,150.0,2024-09-14T22:35:00
BTC-SBD,4.162e-05,4.162e-05,4.162e-05,4.162e-05,1.64504157,2024-09-13T14:35:00
BTC-SBD,4.162e-05,4.162e-05,4.162e-05,4.162e-05,9.18539504,2024-09-13T10:00:00
BTC-SBD,4.13e-05,4.13e-05,4.13e-05,4.13e-05,3.0,2024-09-12T21:40:00
KRW-POWR,259.7,259.7,259.7,259.7,78.68628923,2024-09-14T22:50:00
KRW-POWR,260.5,260.5,260.5,260.5,7685.83462587,2024-09-14T22:35:00
KRW-POWR,260.4,260.5,260.5,259.8,35729.83586392,2024-09-14T22:25:00
BTC-POWR,3.22e-06,3.22e-06,3.22e-06,3.22e-06,1099.69254658,2024-09-14T17:05:00
BTC-POWR,3.3e-06,3.3e-06,3.3e-06,3.3e-06,3472.54617946,2024-09-10T09:15:00
BTC-POWR,3.34e-06,3.34e-06,3.34e-06,3.34e-06,3472.54617946,2024-09-10T08:50:00
KRW-BTG,30230.0,30240.0,30240.0,30180.0,269.41154251,2024-09-14T22:50:00
KRW-BTG,30160.0,30230.0,30230.0,30160.0,112.42658934,2024-09-14T22:45:00
KRW-BTG,30200.0,30160.0,30230.0,30160.0,96.66817538,2024-09-14T22:40:00
USDT-ADA,0.3895,0.3895,0.3895,0.3895,1.28369704,2024-09-14T22:40:00
USDT-ADA,0.3535,0.3535,0.3535,0.3535,2616.38266437,2024-09-14T18:35:00
USDT-ADA,0.3535,0.3535,0.3535,0.3535,28.28854314,2024-09-14T12:40:00
BTC-DNT,6e-07,6e-07,6e-07,6e-07,3333.33333334,2024-09-14T21:20:00
BTC-DNT,6e-07,6e-07,6e-07,6e-07,43930.90898942,2024-09-14T21:15:00
BTC-DNT,6.1e-07,6.1e-07,6.1e-07,6.1e-07,497.4262295,2024-09-14T19:45:00
BTC-ZRX,4.83e-06,4.83e-06,4.83e-06,4.83e-06,39.0376569,2024-09-12T05:55:00
BTC-ZRX,4.94e-06,4.94e-06,4.94e-06,4.94e-06,332.095594,2024-09-11T16:40:00
BTC-ZRX,5.07e-06,5.07e-06,5.07e-06,5.07e-06,359.56583573,2024-09-09T16:55:00
BTC-TRX,2.45e-06,2.45e-06,2.45e-06,2.45e-06,2019.368735,2024-09-14T21:10:00
BTC-TRX,2.49e-06,2.49e-06,2.49e-06,2.49e-06,1002.92241284,2024-09-14T20:55:00
BTC-TRX,2.51e-06,2.49e-06,2.51e-06,2.49e-06,10526.51192828,2024-09-14T19:40:00
BTC-TUSD,1.725e-05,1.725e-05,1.725e-05,1.725e-05,52.17391304,2024-09-14T00:55:00
BTC-TUSD,1.741e-05,1.725e-05,1.741e-05,1.725e-05,21.57554166,2024-09-12T17:50:00
BTC-TUSD,1.741e-05,1.741e-05,1.741e-05,1.741e-05,34.5332,2024-09-12T14:50:00
BTC-LRC,2.04e-06,2.02e-06,2.04e-06,2.02e-06,4306.74741717,2024-09-14T21:30:00
BTC-LRC,2.02e-06,2.02e-06,2.02e-06,2.02e-06,30.69009622,2024-09-14T17:10:00
BTC-LRC,2.04e-06,2.03e-06,2.04e-06,2.03e-06,2687.03234409,2024-09-14T17:05:00
KRW-ICX,174.1,174.0,174.1,174.0,23089.03786878,2024-09-14T22:25:00
KRW-ICX,174.2,174.1,174.2,174.1,6967.70725324,2024-09-14T22:20:00
KRW-ICX,174.1,174.1,174.1,174.1,10221.53854972,2024-09-14T22:15:00
KRW-EOS,670.2,670.2,670.2,670.2,74.60459564,2024-09-14T22:50:00
KRW-EOS,668.9,668.9,668.9,668.9,3659.81747008,2024-09-14T22:35:00
KRW-EOS,669.2,669.5,669.5,669.0,3146.42544036,2024-09-14T22:30:00
USDT-TUSD,1.023,1.023,1.023,1.023,54.15722918,2024-09-14T00:55:00
USDT-TUSD,1.022,1.022,1.022,1.022,13.54565416,2024-09-12T11:50:00
USDT-TUSD,1.022,1.022,1.022,1.022,9.62710915,2024-09-12T01:25:00
KRW-TRX,198.5,198.7,198.7,198.4,84214.03990754,2024-09-14T22:50:00
KRW-TRX,198.5,198.5,198.5,198.2,93158.63394829,2024-09-14T22:45:00
KRW-TRX,198.3,198.3,198.5,198.2,99086.76611167,2024-09-14T22:40:00
BTC-POLYX,3.75e-06,3.75e-06,3.75e-06,3.75e-06,2139.66602816,2024-09-14T17:45:00
BTC-POLYX,3.75e-06,3.75e-06,3.75e-06,3.75e-06,982.74503708,2024-09-14T09:10:00
BTC-POLYX,3.73e-06,3.73e-06,3.73e-06,3.73e-06,16.86909581,2024-09-14T03:30:00
USDT-SC,0.004448,0.004448,0.004448,0.004448,1011.69064748,2024-09-14T19:20:00
USDT-SC,0.004448,0.004448,0.004448,0.004448,1707.09884723,2024-09-14T17:35:00
USDT-SC,0.004448,0.004448,0.004448,0.004448,1180.62830305,2024-09-14T15:10:00
USDT-TRX,0.1467,0.1467,0.1467,0.1467,118.70546318,2024-09-14T16:45:00
USDT-TRX,0.1463,0.1467,0.1467,0.1463,5981.03555258,2024-09-14T10:05:00
USDT-TRX,0.1494,0.1494,0.1494,0.1494,19.91778774,2024-09-14T09:05:00
KRW-SC,5.783,5.783,5.783,5.783,196414.43811189,2024-09-14T22:50:00
KRW-SC,5.79,5.783,5.79,5.783,274139.64806499,2024-09-14T22:40:00
KRW-SC,5.79,5.789,5.79,5.789,54093.50219103,2024-09-14T22:35:00
KRW-ONT,233.7,233.7,233.7,233.5,9564.8054596,2024-09-14T22:50:00
KRW-ONT,232.7,233.0,233.4,232.7,28336.50994533,2024-09-14T22:45:00
KRW-ONT,232.7,232.7,232.7,232.7,1056.15988855,2024-09-14T22:40:00
KRW-ZIL,18.35,18.36,18.36,18.34,81878.67802221,2024-09-14T22:50:00
KRW-ZIL,18.34,18.34,18.34,18.34,1808.493,2024-09-14T22:45:00
KRW-ZIL,18.34,18.34,18.34,18.34,8895.42104405,2024-09-14T22:40:00
KRW-POLYX,302.9,303.0,303.0,302.9,30764.76257621,2024-09-14T22:50:00
KRW-POLYX,303.0,302.9,303.3,302.9,11169.92934953,2024-09-14T22:45:00
KRW-POLYX,302.7,303.0,303.0,302.6,16866.53675902,2024-09-14T22:40:00
KRW-ZRX,397.3,397.3,397.3,397.3,124.5916181,2024-09-14T22:30:00
KRW-ZRX,397.3,397.3,397.4,397.0,21148.47428862,2024-09-14T22:25:00
KRW-ZRX,397.4,397.4,397.4,397.2,990.84705256,2024-09-14T22:15:00
KRW-LOOM,60.87,60.87,60.87,60.87,11536.68438731,2024-09-14T22:50:00
KRW-LOOM,60.87,60.87,60.87,60.87,16420.24396049,2024-09-14T22:45:00
KRW-LOOM,60.87,60.87,60.87,60.87,100.0,2024-09-14T22:40:00
BTC-BCH,0.00573581,0.00573581,0.00573581,0.00573581,5.42179292,2024-09-14T17:55:00
BTC-BCH,0.00589142,0.00573581,0.00589142,0.00573581,0.1377656,2024-09-13T20:50:00
BTC-BCH,0.00602509,0.00602509,0.00602509,0.00602509,0.03846747,2024-09-13T16:10:00
USDT-BCH,394.72,394.72,394.72,394.72,0.00147054,2024-09-14T03:10:00
USDT-BCH,340.01,340.01,340.01,340.01,0.15673759,2024-09-13T20:50:00
USDT-BCH,340.0,340.0,340.0,340.0,0.24364482,2024-09-12T08:15:00
KRW-BCH,442950.0,442750.0,443050.0,442750.0,30.70080494,2024-09-14T22:50:00
KRW-BCH,443200.0,442500.0,443450.0,442500.0,42.39601745,2024-09-14T22:45:00
KRW-BCH,443200.0,443350.0,443350.0,443200.0,1.93569523,2024-09-14T22:40:00
BTC-HIFI,7.56e-06,7.56e-06,7.56e-06,7.56e-06,392.84615348,2024-09-13T16:05:00
BTC-HIFI,7.56e-06,7.56e-06,7.56e-06,7.56e-06,436.49572608,2024-09-13T16:00:00
BTC-HIFI,7.56e-06,7.56e-06,7.56e-06,7.56e-06,20.0,2024-09-13T14:30:00
BTC-LOOM,7.9e-07,7.9e-07,7.9e-07,7.9e-07,993.08951966,2024-09-13T17:45:00
BTC-LOOM,7.7e-07,7.7e-07,7.7e-07,7.7e-07,93.30632212,2024-09-13T14:35:00
BTC-LOOM,7.6e-07,7.6e-07,7.6e-07,7.6e-07,1091.92316072,2024-09-12T07:30:00
KRW-BAT,231.9,232.3,232.3,231.9,44.0,2024-09-14T22:50:00
KRW-BAT,231.4,230.7,231.6,230.7,17690.54923268,2024-09-14T22:25:00
KRW-BAT,231.7,231.6,231.7,231.6,11163.93288991,2024-09-14T22:20:00
KRW-IOST,6.494,6.494,6.494,6.494,159525.22728919,2024-09-14T22:50:00
KRW-IOST,6.49,6.49,6.49,6.49,55295.8692434,2024-09-14T22:45:00
KRW-IOST,6.49,6.49,6.49,6.49,17574.52642055,2024-09-14T22:35:00
USDT-DGB,0.006544,0.006544,0.006544,0.006544,256.48640148,2024-09-14T13:40:00
USDT-DGB,0.006543,0.006543,0.006543,0.006543,121735.83211,2024-09-13T22:50:00
USDT-DGB,0.006947,0.006543,0.006947,0.006543,215.92054554,2024-09-13T22:20:00
KRW-CVC,143.7,143.7,143.7,143.7,1276.88761,2024-09-14T22:50:00
KRW-CVC,143.5,143.7,143.7,143.5,139.45028008,2024-09-14T22:45:00
KRW-CVC,143.1,143.6,143.6,143.1,278.6088945,2024-09-14T22:40:00
KRW-IQ,6.463,6.463,6.463,6.463,395279.03794352,2024-09-14T22:50:00
KRW-IQ,6.458,6.458,6.458,6.458,650073.10508036,2024-09-14T22:40:00
KRW-IQ,6.467,6.458,6.467,6.458,430632.06058248,2024-09-14T22:35:00
KRW-IOTA,172.8,172.8,172.8,172.8,10057.87037037,2024-09-14T22:45:00
KRW-IOTA,172.8,172.8,172.8,172.8,30.0,2024-09-14T22:40:00
KRW-IOTA,172.8,172.8,172.8,172.8,28.94097222,2024-09-14T22:35:00
BTC-RVN,3e-07,3e-07,3e-07,3e-07,1700.0,2024-09-14T22:30:00
BTC-RVN,2.9e-07,3e-07,3e-07,2.9e-07,95528.10789119,2024-09-14T21:40:00
BTC-RVN,2.9e-07,2.9e-07,2.9e-07,2.9e-07,33281.08769651,2024-09-14T21:20:00
BTC-GO,6e-08,6e-08,6e-08,6e-08,29160.91666666,2024-09-14T21:00:00
BTC-GO,6e-08,6e-08,6e-08,6e-08,10000.0,2024-09-14T14:30:00
BTC-GO,5e-08,5e-08,5e-08,5e-08,264839.11773562,2024-09-14T12:15:00
BTC-UPP,9e-07,9e-07,9e-07,9e-07,2200.0,2024-09-14T15:00:00
BTC-UPP,8.9e-07,8.9e-07,8.9e-07,8.9e-07,694.11764705,2024-09-13T19:10:00
BTC-UPP,9.3e-07,9.3e-07,9.3e-07,9.3e-07,602.41935483,2024-09-13T15:15:00
BTC-ENJ,2.43e-06,2.45e-06,2.45e-06,2.43e-06,10952.90251916,2024-09-14T20:00:00
BTC-ENJ,2.46e-06,2.46e-06,2.46e-06,2.46e-06,227.64227642,2024-09-14T19:30:00
BTC-ENJ,2.46e-06,2.46e-06,2.46e-06,2.46e-06,77.48241421,2024-09-14T16:15:00
KRW-HIFI,600.2,600.2,600.2,600.2,5364.15947,2024-09-14T22:50:00
KRW-HIFI,600.1,600.2,600.6,599.5,6957.9475637,2024-09-14T22:45:00
KRW-HIFI,600.1,600.1,600.1,600.1,563.3,2024-09-14T22:40:00
KRW-ONG,376.8,377.6,378.3,376.8,36993.70546391,2024-09-14T22:50:00
KRW-ONG,376.3,376.6,376.6,376.3,3136.7562,2024-09-14T22:45:00
KRW-ONG,376.1,376.1,376.1,376.1,1169.11412918,2024-09-14T22:10:00
KRW-GAS,4505.0,4515.0,4515.0,4504.0,1236.54232328,2024-09-14T22:50:00
KRW-GAS,4505.0,4504.0,4512.0,4504.0,3389.80010789,2024-09-14T22:45:00
KRW-GAS,4504.0,4504.0,4504.0,4504.0,261.11165079,2024-09-14T22:40:00
BTC-MTL,1.528e-05,1.528e-05,1.528e-05,1.528e-05,15.24426592,2024-09-13T16:10:00
BTC-MTL,1.546e-05,1.587e-05,1.587e-05,1.546e-05,28.74623216,2024-09-13T10:10:00
BTC-MTL,1.547e-05,1.547e-05,1.547e-05,1.547e-05,204.32144499,2024-09-12T16:35:00
KRW-UPP,69.75,69.75,69.75,69.75,292.67086886,2024-09-14T22:50:00
KRW-UPP,69.75,69.75,69.75,69.75,3532.98619507,2024-09-14T22:45:00
KRW-UPP,69.75,69.75,69.75,69.75,71.68458781,2024-09-14T22:40:00
KRW-ELF,501.7,501.5,501.7,501.5,4148.32742926,2024-09-14T22:35:00
KRW-ELF,502.4,502.4,502.4,502.4,632.23415152,2024-09-14T22:20:00
KRW-ELF,502.4,502.4,502.4,502.4,3778.9864037,2024-09-14T22:15:00
USDT-DOGE,0.1103,0.1103,0.1103,0.1103,45.33091568,2024-09-14T19:20:00
USDT-DOGE,0.1103,0.1103,0.1103,0.1103,61.66019057,2024-09-14T17:40:00
USDT-DOGE,0.1103,0.1103,0.1103,0.1103,91.37678663,2024-09-14T17:35:00
USDT-ZRX,0.2665,0.2665,0.2665,0.2665,7.860653,2024-09-12T20:10:00
USDT-ZRX,0.2805,0.2805,0.2805,0.2805,2.0,2024-09-11T13:15:00
USDT-ZRX,0.282,0.282,0.282,0.282,2.0,2024-09-11T10:30:00
USDT-RVN,0.01788,0.01788,0.01788,0.01788,10000.0,2024-09-14T22:05:00
USDT-RVN,0.01788,0.01788,0.01788,0.01788,103.55472379,2024-09-14T16:50:00
USDT-RVN,0.01788,0.01788,0.01788,0.01788,3226.81501674,2024-09-14T16:45:00
USDT-BAT,0.1684,0.1684,0.1684,0.1684,22.99943859,2024-09-10T13:20:00
USDT-BAT,0.1684,0.1684,0.1684,0.1684,15.00165986,2024-08-30T03:05:00
USDT-BAT,0.1684,0.1684,0.1684,0.1684,22.04054649,2024-08-30T01:50:00
KRW-KNC,588.9,589.2,589.2,588.9,120.06,2024-09-14T22:50:00
KRW-KNC,588.1,588.8,588.8,588.1,140.7123262,2024-09-14T22:40:00
KRW-KNC,588.1,588.1,588.1,588.1,17.72827749,2024-09-14T22:35:00
BTC-MOC,1.02e-06,1.03e-06,1.03e-06,1.02e-06,2688.18147297,2024-09-13T18:00:00
BTC-MOC,1.12e-06,1.12e-06,1.12e-06,1.12e-06,2376.22757266,2024-09-13T16:35:00
BTC-MOC,1.13e-06,1.13e-06,1.13e-06,1.13e-06,111.17784451,2024-09-13T12:30:00
BTC-ZIL,2.2e-07,2.2e-07,2.2e-07,2.2e-07,434467.0,2024-09-14T14:10:00
BTC-ZIL,2.2e-07,2.2e-07,2.3e-07,2.2e-07,94642.56760806,2024-09-12T01:10:00
BTC-ZIL,2.3e-07,2.3e-07,2.3e-07,2.3e-07,400.0,2024-09-07T12:00:00
KRW-BSV,64870.0,64860.0,64870.0,64800.0,181.64596714,2024-09-14T22:50:00
KRW-BSV,64940.0,64890.0,64940.0,64840.0,44.71223204,2024-09-14T22:45:00
KRW-BSV,65010.0,64940.0,65010.0,64940.0,5.92068217,2024-09-14T22:40:00
BTC-BSV,0.00077463,0.00077463,0.00077463,0.00077463,1.0,2024-09-13T15:20:00
BTC-BSV,0.00084469,0.00081533,0.00084469,0.00081533,34.01360544,2024-09-12T01:15:00
BTC-BSV,0.0008839,0.000885,0.000885,0.00088386,14.10878853,2024-09-11T17:20:00
BTC-IOST,9e-08,9e-08,9e-08,9e-08,3000.0,2024-09-14T18:35:00
BTC-IOST,9e-08,9e-08,9e-08,9e-08,711061.66666666,2024-09-13T01:30:00
BTC-IOST,9e-08,9e-08,9e-08,9e-08,13175.12222222,2024-09-13T00:05:00
KRW-THETA,1759.0,1758.0,1759.0,1753.0,525.55856968,2024-09-14T22:50:00
KRW-THETA,1752.0,1751.0,1754.0,1751.0,664.83420764,2024-09-14T22:45:00
KRW-THETA,1751.0,1754.0,1754.0,1751.0,1748.93021942,2024-09-14T22:40:00
BTC-DENT,2e-08,2e-08,2e-08,2e-08,721257.85536159,2024-09-14T20:30:00
BTC-DENT,2e-08,2e-08,2e-08,2e-08,10000.0,2024-09-14T16:35:00
BTC-DENT,1e-08,1e-08,1e-08,1e-08,45031.17206982,2024-09-14T16:10:00
KRW-QKC,11.84,11.84,11.84,11.84,2601.31758445,2024-09-14T22:45:00
KRW-QKC,11.84,11.84,11.84,11.84,6718.75032947,2024-09-14T22:40:00
KRW-QKC,11.85,11.85,11.85,11.85,153891.98150291,2024-09-14T22:35:00
BTC-ELF,6.18e-06,6.18e-06,6.18e-06,6.18e-06,9.0,2024-09-14T20:10:00
BTC-ELF,6.14e-06,6.14e-06,6.14e-06,6.14e-06,9.0,2024-09-14T19:30:00
BTC-ELF,6.2e-06,6.2e-06,6.2e-06,6.2e-06,9.0,2024-09-14T14:00:00
KRW-BTT,0.001165,0.001165,0.001165,0.001165,10000000.0,2024-09-14T22:55:00
KRW-BTT,0.001164,0.001165,0.001165,0.001164,1368720432.9453287,2024-09-14T22:50:00
KRW-BTT,0.001165,0.001164,0.001165,0.001163,18362832713.59391,2024-09-14T22:45:00
BTC-IOTX,6e-07,5.9e-07,6e-07,5.9e-07,1723.32333332,2024-09-14T22:15:00
BTC-IOTX,6e-07,6e-07,6e-07,6e-07,12400.28262676,2024-09-14T21:30:00
BTC-IOTX,6e-07,6e-07,6e-07,6e-07,1188.72833333,2024-09-14T20:55:00
BTC-SOLVE,1.7e-07,1.7e-07,1.7e-07,1.7e-07,25238.25667998,2024-09-14T22:50:00
BTC-SOLVE,1.8e-07,1.8e-07,1.8e-07,1.8e-07,354.02727272,2024-09-14T22:25:00
BTC-SOLVE,1.7e-07,1.7e-07,1.7e-07,1.7e-07,18598.2579252,2024-09-14T22:05:00
BTC-NKN,1.16e-06,1.16e-06,1.16e-06,1.16e-06,320.0,2024-09-14T21:05:00
BTC-NKN,1.18e-06,1.18e-06,1.18e-06,1.18e-06,476.92372881,2024-09-14T14:45:00
BTC-NKN,1.17e-06,1.17e-06,1.17e-06,1.17e-06,10602.80128204,2024-09-14T11:50:00
BTC-META,4.1e-07,4.1e-07,4.1e-07,4.1e-07,5976.75530325,2024-09-14T02:20:00
BTC-META,4.4e-07,4.4e-07,4.4e-07,4.4e-07,300.0,2024-09-13T15:25:00
BTC-META,4.3e-07,4.3e-07,4.3e-07,4.3e-07,132.91226727,2024-09-11T21:20:00
KRW-MOC,75.22,75.24,75.25,75.22,127850.42459398,2024-09-14T22:50:00
KRW-MOC,75.22,75.23,75.23,75.22,14914.97785417,2024-09-14T22:45:00
KRW-MOC,75.21,75.21,75.21,75.11,52432.87817666,2024-09-14T22:40:00
BTC-ANKR,4.3e-07,4.3e-07,4.3e-07,4.3e-07,23643.86519617,2024-09-14T03:30:00
BTC-ANKR,4.4e-07,4.4e-07,4.4e-07,4.4e-07,12814.653842,2024-09-14T00:55:00
BTC-ANKR,4.3e-07,4.3e-07,4.3e-07,4.3e-07,41424.90204277,2024-09-14T00:45:00
BTC-CRO,1.44e-06,1.44e-06,1.44e-06,1.44e-06,476.74719948,2024-09-13T21:10:00
BTC-CRO,1.38e-06,1.38e-06,1.38e-06,1.38e-06,53.46334115,2024-09-13T14:00:00
BTC-CRO,1.39e-06,1.39e-06,1.39e-06,1.39e-06,3815.5183,2024-09-13T12:05:00
KRW-TFUEL,85.07,84.96,85.18,84.92,211158.30104086,2024-09-14T22:50:00
KRW-TFUEL,85.29,85.18,85.31,84.98,89621.70651616,2024-09-14T22:45:00
KRW-TFUEL,85.03,85.29,85.4,84.92,356312.88546157,2024-09-14T22:40:00
KRW-MANA,367.1,368.2,368.2,367.1,451.00217759,2024-09-14T22:45:00
KRW-MANA,367.3,368.3,368.3,366.9,6304.15177844,2024-09-14T22:30:00
KRW-MANA,368.6,367.7,368.6,367.7,852.03994673,2024-09-14T22:25:00
KRW-ANKR,34.25,34.27,34.27,34.25,16595.25317863,2024-09-14T22:35:00
KRW-ANKR,34.25,34.25,34.25,34.25,69408.30519658,2024-09-14T22:30:00
KRW-ANKR,34.25,34.25,34.25,34.25,145.98540145,2024-09-14T22:25:00
BTC-ORBS,4e-07,4e-07,4e-07,4e-07,659.6125,2024-09-13T00:35:00
BTC-ORBS,4e-07,4e-07,4e-07,4e-07,266.9424117,2024-09-12T05:55:00
BTC-ORBS,4e-07,4e-07,4e-07,4e-07,10304.12628737,2024-09-11T21:15:00
BTC-AERGO,1.57e-06,1.57e-06,1.57e-06,1.57e-06,5111.43021472,2024-09-14T17:50:00
BTC-AERGO,1.58e-06,1.58e-06,1.58e-06,1.58e-06,232.55813952,2024-09-14T15:00:00
BTC-AERGO,1.65e-06,1.65e-06,1.65e-06,1.65e-06,40.0,2024-09-13T18:30:00
KRW-AERGO,127.7,127.7,127.7,127.7,15076.48691377,2024-09-14T22:50:00
KRW-AERGO,127.7,128.0,128.0,127.7,19043.51191455,2024-09-14T22:40:00
KRW-AERGO,127.6,128.1,128.1,127.6,33024.00449683,2024-09-14T22:35:00
KRW-ATOM,5616.0,5625.0,5625.0,5616.0,1819.99439145,2024-09-14T22:50:00
KRW-ATOM,5618.0,5618.0,5620.0,5618.0,9.34666919,2024-09-14T22:45:00
KRW-ATOM,5618.0,5618.0,5618.0,5618.0,7.45998574,2024-09-14T22:40:00
KRW-TT,4.229,4.229,4.229,4.229,484748.16741548,2024-09-14T22:40:00
KRW-TT,4.222,4.229,4.229,4.222,119664.91437943,2024-09-14T22:35:00
KRW-TT,4.222,4.221,4.222,4.221,116592.55761113,2024-09-14T22:25:00
KRW-GAME2,4.662,4.643,4.662,4.643,117622.76415232,2024-09-14T22:45:00
KRW-GAME2,4.65,4.663,4.664,4.65,358960.3974401,2024-09-14T22:40:00
KRW-GAME2,4.649,4.664,4.668,4.646,872455.33867182,2024-09-14T22:35:00
BTC-ATOM,7.121e-05,7.121e-05,7.121e-05,7.121e-05,7.1,2024-09-14T19:25:00
BTC-ATOM,7.121e-05,7.121e-05,7.121e-05,7.121e-05,7.1,2024-09-14T17:15:00
BTC-ATOM,7.121e-05,7.121e-05,7.121e-05,7.121e-05,7.1,2024-09-14T14:00:00
BTC-STPT,7.2e-07,7.2e-07,7.2e-07,7.2e-07,22572.50868694,2024-09-14T10:15:00
BTC-STPT,8.8e-07,8.9e-07,8.9e-07,8.8e-07,22440.95713614,2024-09-13T16:45:00
BTC-STPT,8.2e-07,8.2e-07,8.2e-07,8.2e-07,30735.35090113,2024-09-13T15:55:00
KRW-MBL,3.436,3.436,3.436,3.436,148926.43342464,2024-09-14T22:50:00
KRW-MBL,3.44,3.44,3.44,3.44,145518.04423748,2024-09-14T22:45:00
KRW-MBL,3.436,3.436,3.436,3.436,600000.0,2024-09-14T22:40:00
BTC-EOS,8.59e-06,8.59e-06,8.59e-06,8.59e-06,385.45634458,2024-09-14T10:15:00
BTC-EOS,8.47e-06,8.47e-06,8.47e-06,8.47e-06,6.67367067,2024-09-13T18:10:00
BTC-EOS,8.47e-06,8.47e-06,8.47e-06,8.47e-06,24.75074716,2024-09-13T16:45:00
BTC-DAI,1.658e-05,1.658e-05,1.658e-05,1.658e-05,44.647675,2024-09-14T16:10:00
BTC-DAI,1.651e-05,1.651e-05,1.658e-05,1.651e-05,395.88166554,2024-09-14T14:35:00
BTC-DAI,1.651e-05,1.651e-05,1.651e-05,1.651e-05,240.89002583,2024-09-14T12:10:00
BTC-MKR,0.026927,0.026927,0.026927,0.026927,0.759,2024-09-14T22:00:00
BTC-MKR,0.026927,0.026927,0.026927,0.026927,0.763,2024-09-14T21:50:00
BTC-MKR,0.026927,0.026927,0.026927,0.026927,0.508,2024-09-14T21:35:00
BTC-BORA,1.4e-06,1.38e-06,1.4e-06,1.38e-06,1108.40085171,2024-09-14T21:45:00
BTC-BORA,1.4e-06,1.4e-06,1.4e-06,1.4e-06,44.61195361,2024-09-14T21:35:00
BTC-BORA,1.4e-06,1.4e-06,1.4e-06,1.4e-06,425.39619041,2024-09-14T19:20:00
KRW-WAXP,42.01,42.01,42.01,42.01,10038.90145203,2024-09-14T22:50:00
KRW-WAXP,42.01,41.92,42.01,41.92,20956.70302213,2024-09-14T22:45:00
KRW-WAXP,41.92,42.01,42.01,41.92,7606.90276569,2024-09-14T22:40:00
BTC-WAXP,5.2e-07,5.2e-07,5.2e-07,5.2e-07,4833.94852422,2024-09-14T17:00:00
BTC-WAXP,5.2e-07,5.2e-07,5.2e-07,5.2e-07,1933.57940969,2024-09-14T09:05:00
BTC-WAXP,5.2e-07,5.2e-07,5.2e-07,5.2e-07,4833.94852422,2024-09-14T09:00:00
KRW-HBAR,69.63,69.64,69.64,69.63,70456.92974665,2024-09-14T22:45:00
KRW-HBAR,69.53,69.63,69.63,69.53,20190.71964191,2024-09-14T22:40:00
KRW-HBAR,69.59,69.53,69.59,69.53,7697.83623873,2024-09-14T22:35:00
KRW-MED,11.08,11.08,11.08,11.08,270762.31949458,2024-09-14T22:40:00
KRW-MED,11.03,11.08,11.08,11.03,48506.43467326,2024-09-14T22:30:00
KRW-MED,11.08,11.08,11.08,11.03,3306.96330937,2024-09-14T22:25:00
BTC-MED,1.4e-07,1.4e-07,1.4e-07,1.4e-07,943.0,2024-09-13T09:40:00
BTC-MED,1.3e-07,1.3e-07,1.3e-07,1.3e-07,1190.47619047,2024-09-12T13:30:00
BTC-MED,1.3e-07,1.3e-07,1.3e-07,1.3e-07,1187.50148735,2024-09-12T13:25:00
BTC-MLK,3.5e-06,3.5e-06,3.5e-06,3.5e-06,22.42742043,2024-09-13T23:30:00
BTC-MLK,3.5e-06,3.5e-06,3.5e-06,3.5e-06,323.7347605,2024-09-13T19:40:00
BTC-MLK,3.47e-06,3.5e-06,3.5e-06,3.47e-06,455.9193471,2024-09-13T19:25:00
KRW-MLK,277.0,277.0,277.0,277.0,182.88447653,2024-09-14T22:50:00
KRW-MLK,276.2,277.0,277.0,276.0,6264.17145779,2024-09-14T22:45:00
KRW-MLK,276.2,276.2,276.2,276.2,764.17164088,2024-09-14T22:30:00
KRW-STPT,58.79,58.7,58.79,58.7,145791.99122511,2024-09-14T22:50:00
KRW-STPT,58.85,58.8,58.85,58.8,115464.27564158,2024-09-14T22:45:00
KRW-STPT,58.91,58.84,58.91,58.84,9799.70759796,2024-09-14T22:40:00
BTC-VET,3.8e-07,3.8e-07,3.8e-07,3.8e-07,107.53387534,2024-09-11T12:20:00
BTC-VET,3.8e-07,3.8e-07,3.8e-07,3.8e-07,9892.46612466,2024-09-11T09:30:00
BTC-VET,3.8e-07,3.8e-07,3.8e-07,3.8e-07,3200.0,2024-09-09T23:10:00
KRW-ORBS,31.91,31.91,31.91,31.91,15669.06925729,2024-09-14T22:50:00
KRW-ORBS,31.91,31.92,31.92,31.91,12581.0113347,2024-09-14T22:45:00
KRW-ORBS,31.87,31.87,31.87,31.87,158.06743871,2024-09-14T22:35:00
BTC-CHZ,9e-07,9e-07,9e-07,9e-07,1000.0,2024-09-14T07:40:00
BTC-CHZ,9e-07,9e-07,9e-07,9e-07,111.11111111,2024-09-14T07:15:00
BTC-CHZ,9.1e-07,9.1e-07,9.1e-07,9.1e-07,1300.0,2024-09-14T00:20:00
KRW-VET,30.16,30.16,30.16,30.16,10000.0,2024-09-14T22:50:00
KRW-VET,30.16,30.16,30.16,30.16,364.42307692,2024-09-14T22:45:00
KRW-VET,30.12,30.16,30.16,30.07,451475.13291259,2024-09-14T22:40:00
BTC-FX,2.32e-06,2.31e-06,2.32e-06,2.31e-06,6017.11363116,2024-09-14T22:50:00
BTC-FX,2.32e-06,2.32e-06,2.32e-06,2.32e-06,238.88044368,2024-09-14T22:40:00
BTC-FX,2.32e-06,2.32e-06,2.32e-06,2.32e-06,854.00923639,2024-09-14T22:30:00
BTC-OGN,1.4e-06,1.4e-06,1.4e-06,1.4e-06,400.0,2024-09-14T20:25:00
BTC-OGN,1.4e-06,1.4e-06,1.4e-06,1.4e-06,1771.44282151,2024-09-14T15:30:00
BTC-OGN,1.39e-06,1.39e-06,1.39e-06,1.39e-06,459.87907928,2024-09-14T15:00:00
KRW-CHZ,72.2,72.2,72.2,72.2,5638.0,2024-09-14T22:50:00
KRW-CHZ,72.2,72.2,72.2,72.2,5640.16620498,2024-09-14T22:45:00
KRW-CHZ,72.22,72.22,72.22,72.22,8570.20949506,2024-09-14T22:40:00
BTC-XTZ,1.071e-05,1.071e-05,1.071e-05,1.071e-05,9.10539494,2024-09-14T20:45:00
BTC-XTZ,1.1e-05,1.1e-05,1.1e-05,1.1e-05,85.21254232,2024-09-14T07:45:00
BTC-XTZ,1.1e-05,1.1e-05,1.1e-05,1.1e-05,5.69654858,2024-09-14T05:15:00
BTC-HIVE,3.02e-06,3.03e-06,3.03e-06,3.02e-06,493.41609159,2024-09-13T19:25:00
BTC-HIVE,3.02e-06,3.02e-06,3.02e-06,3.02e-06,250.0,2024-09-13T12:55:00
BTC-HIVE,3.05e-06,3.05e-06,3.05e-06,3.05e-06,190.20280472,2024-09-11T10:30:00
BTC-HBD,1.658e-05,1.658e-05,1.658e-05,1.658e-05,1796.4786655,2024-09-14T12:55:00
BTC-HBD,1.652e-05,1.652e-05,1.652e-05,1.652e-05,685.85245355,2024-09-14T07:50:00
BTC-HBD,1.67e-05,1.67e-05,1.67e-05,1.67e-05,535.85198679,2024-09-14T07:15:00
BTC-OBSR,3e-08,3e-08,3e-08,3e-08,10000.0,2024-09-14T17:55:00
BTC-OBSR,2e-08,2e-08,2e-08,2e-08,26464.528248,2024-09-14T17:45:00
BTC-OBSR,3e-08,3e-08,3e-08,3e-08,10000.0,2024-09-14T16:35:00
BTC-DKA,3.3e-07,3.3e-07,3.3e-07,3.3e-07,524.14,2024-09-13T20:50:00
BTC-DKA,3.3e-07,3.3e-07,3.3e-07,3.3e-07,15082.51898147,2024-09-13T11:05:00
BTC-DKA,3.3e-07,3.3e-07,3.3e-07,3.3e-07,78829.96971303,2024-09-12T01:15:00
KRW-STMX,8.454,8.444,8.457,8.443,1177747.60321403,2024-09-14T22:50:00
KRW-STMX,8.448,8.454,8.46,8.441,1534901.94994274,2024-09-14T22:45:00
KRW-STMX,8.45,8.448,8.45,8.448,1867468.05180937,2024-09-14T22:40:00
BTC-STMX,1e-07,1e-07,1e-07,1e-07,21754.34141917,2024-09-14T14:40:00
BTC-STMX,1.1e-07,1.1e-07,1.1e-07,1.1e-07,21754.34141917,2024-09-14T14:20:00
BTC-STMX,1.1e-07,1.1e-07,1.1e-07,1.1e-07,6861.3919746,2024-09-14T06:05:00
BTC-AHT,7e-08,7e-08,7e-08,7e-08,989505.48628428,2024-09-12T21:35:00
BTC-AHT,7e-08,7e-08,7e-08,7e-08,153099.00249376,2024-09-11T20:15:00
BTC-AHT,7e-08,7e-08,7e-08,7e-08,1602363.18734413,2024-09-11T18:40:00
KRW-DKA,25.8,25.71,25.8,25.71,44063.4919099,2024-09-14T22:50:00
KRW-DKA,25.88,25.88,25.88,25.88,9000.0,2024-09-14T22:45:00
KRW-DKA,25.88,25.88,25.88,25.88,109486.40826417,2024-09-14T22:25:00
BTC-LINK,0.00019058,0.00019058,0.00019058,0.00019058,2.62357015,2024-09-14T12:05:00
BTC-LINK,0.00018458,0.00018458,0.00018458,0.00018458,1.30308128,2024-09-14T04:30:00
BTC-LINK,0.00017821,0.00017821,0.00017821,0.00017821,2.04828489,2024-09-13T11:40:00
KRW-HIVE,241.5,241.8,241.8,241.5,434.50558543,2024-09-14T22:45:00
KRW-HIVE,241.7,241.7,241.7,241.7,3775.70038077,2024-09-14T22:30:00
KRW-HIVE,241.6,241.7,241.7,241.6,4920.68680182,2024-09-14T22:25:00
KRW-KAVA,424.0,424.0,424.0,424.0,419.15094339,2024-09-14T22:50:00
KRW-KAVA,422.8,422.8,422.8,422.8,3039.3648065,2024-09-14T22:40:00
KRW-KAVA,422.8,422.8,422.8,422.8,14.0,2024-09-14T22:30:00
BTC-KAVA,5.3e-06,5.3e-06,5.3e-06,5.3e-06,169.81132075,2024-09-14T07:45:00
BTC-KAVA,5.3e-06,5.3e-06,5.3e-06,5.3e-06,18.86792452,2024-09-14T07:35:00
BTC-KAVA,5.32e-06,5.32e-06,5.32e-06,5.32e-06,43.82785058,2024-09-13T14:30:00
KRW-AHT,5.603,5.6,5.603,5.6,10891.72658442,2024-09-14T22:45:00
KRW-AHT,5.603,5.603,5.603,5.603,28200.0,2024-09-14T22:40:00
KRW-AHT,5.57,5.569,5.57,5.569,96083.10000251,2024-09-14T22:30:00
KRW-LINK,15120.0,15130.0,15130.0,15110.0,524.08033984,2024-09-14T22:45:00
KRW-LINK,15100.0,15100.0,15100.0,15100.0,1.32450332,2024-09-14T22:40:00
KRW-LINK,15100.0,15100.0,15110.0,15100.0,269.39977526,2024-09-14T22:35:00
KRW-XTZ,873.0,873.0,873.0,873.0,587.66290655,2024-09-14T22:25:00
KRW-XTZ,873.4,873.2,873.4,873.2,1188.04469044,2024-09-14T22:15:00
KRW-XTZ,873.2,873.4,873.4,873.2,24.65510344,2024-09-14T22:05:00
KRW-BORA,112.1,112.1,112.1,112.1,1346.898,2024-09-14T22:55:00
KRW-BORA,112.1,112.2,112.2,112.0,14404.12007722,2024-09-14T22:50:00
KRW-BORA,112.2,112.0,112.2,112.0,553.76344087,2024-09-14T22:45:00
BTC-JST,5e-07,5e-07,5e-07,5e-07,468.95,2024-09-13T00:35:00
BTC-JST,5e-07,5e-07,5e-07,5e-07,2019.24859352,2024-09-11T22:55:00
BTC-JST,5e-07,5e-07,5e-07,5e-07,27840.0,2024-09-11T22:50:00
BTC-CHR,3.12e-06,3.12e-06,3.12e-06,3.12e-06,17.0,2024-09-14T22:50:00
BTC-CHR,3.11e-06,3.11e-06,3.11e-06,3.11e-06,24.769363,2024-09-14T22:35:00
BTC-CHR,3.11e-06,3.11e-06,3.11e-06,3.11e-06,17.0,2024-09-14T22:15:00
BTC-DAD,8e-08,8e-08,8e-08,8e-08,20005.8419576,2024-09-14T21:00:00
BTC-DAD,7e-08,7e-08,7e-08,7e-08,17060.08312551,2024-09-14T19:05:00
BTC-DAD,7e-08,7e-08,7e-08,7e-08,59868.125,2024-09-14T14:55:00
BTC-TON,1.643e-05,1.643e-05,1.643e-05,1.643e-05,9.55564513,2024-09-14T11:00:00
BTC-TON,1.68e-05,1.68e-05,1.68e-05,1.68e-05,5.95238095,2024-09-14T10:05:00
BTC-TON,1.695e-05,1.64e-05,1.695e-05,1.64e-05,2231.7563476,2024-09-13T15:30:00
KRW-JST,37.75,37.79,37.79,37.75,33184.39603278,2024-09-14T22:50:00
KRW-JST,37.75,37.75,37.75,37.75,2299.32403599,2024-09-14T22:45:00
KRW-JST,37.77,37.77,37.77,37.77,42123.29101676,2024-09-14T22:40:00
BTC-CTSI,2.15e-06,2.14e-06,2.15e-06,2.14e-06,17030.17342488,2024-09-14T21:05:00
BTC-CTSI,2.17e-06,2.17e-06,2.17e-06,2.17e-06,258.06451612,2024-09-14T19:05:00
BTC-CTSI,2.17e-06,2.17e-06,2.17e-06,2.17e-06,7587.13814541,2024-09-14T15:05:00
BTC-DOT,7.383e-05,7.383e-05,7.383e-05,7.383e-05,6.77231477,2024-09-14T12:05:00
BTC-DOT,7.464e-05,7.464e-05,7.464e-05,7.464e-05,7.0,2024-09-14T04:15:00
BTC-DOT,7.464e-05,7.464e-05,7.464e-05,7.464e-05,18.22407344,2024-09-14T02:30:00
KRW-CRO,110.8,110.8,110.8,110.8,45.50071534,2024-09-14T22:55:00
KRW-CRO,110.8,110.8,110.8,110.8,451.2635379,2024-09-14T22:50:00
KRW-CRO,110.7,110.8,110.8,110.7,6148.57132906,2024-09-14T22:45:00
BTC-COMP,0.00072833,0.00072833,0.00072833,0.00072833,4.5,2024-09-14T12:45:00
BTC-COMP,0.00072607,0.000726,0.00073242,0.000726,1152.93716527,2024-09-14T12:15:00
BTC-COMP,0.00074572,0.00074572,0.00074572,0.00074572,0.7,2024-09-14T04:15:00
BTC-SXP,3.5e-06,3.5e-06,3.5e-06,3.5e-06,257.14285714,2024-09-14T15:00:00
BTC-SXP,3.5e-06,3.5e-06,3.5e-06,3.5e-06,28.57142857,2024-09-14T14:55:00
BTC-SXP,3.51e-06,3.51e-06,3.51e-06,3.51e-06,372.34269662,2024-09-14T08:20:00
BTC-HUNT,4.6e-06,4.6e-06,4.6e-06,4.6e-06,11.96729968,2024-09-13T18:30:00
BTC-HUNT,4.57e-06,4.57e-06,4.57e-06,4.57e-06,464.10536759,2024-09-10T03:00:00
BTC-HUNT,4.73e-06,4.73e-06,4.73e-06,4.73e-06,464.10536759,2024-09-10T02:40:00
KRW-TON,1326.0,1326.0,1326.0,1326.0,72.45125216,2024-09-14T22:50:00
KRW-TON,1326.0,1326.0,1326.0,1326.0,556.85919194,2024-09-14T22:45:00
KRW-TON,1329.0,1329.0,1329.0,1329.0,300.97817908,2024-09-14T22:40:00
BTC-LWA,3.8e-07,3.8e-07,3.8e-07,3.8e-07,10036.02070743,2024-09-14T22:25:00
BTC-LWA,3.8e-07,3.8e-07,3.8e-07,3.8e-07,82851.48105346,2024-09-14T22:15:00
BTC-LWA,3.8e-07,3.8e-07,3.8e-07,3.8e-07,11336.43634815,2024-09-14T22:00:00
BTC-CRV,4.69e-06,4.69e-06,4.69e-06,4.69e-06,4753.98284672,2024-09-14T17:35:00
BTC-CRV,4.67e-06,4.67e-06,4.67e-06,4.67e-06,1064.26124197,2024-09-14T15:30:00
BTC-CRV,4.69e-06,4.69e-06,4.69e-06,4.69e-06,5.85425242,2024-09-14T13:25:00
BTC-ALGO,2.25e-06,2.25e-06,2.25e-06,2.25e-06,285.97974091,2024-09-11T10:40:00
BTC-ALGO,2.25e-06,2.25e-06,2.25e-06,2.25e-06,847.95851528,2024-09-10T23:30:00
BTC-ALGO,2.29e-06,2.29e-06,2.29e-06,2.29e-06,1350.0,2024-09-09T12:20:00
BTC-RSR,1e-07,1e-07,1e-07,1e-07,437.15384615,2024-09-14T19:05:00
BTC-RSR,9e-08,9e-08,9e-08,9e-08,15196.7203204,2024-09-14T12:20:00
BTC-RSR,1e-07,1e-07,1e-07,1e-07,2862.0,2024-09-14T11:30:00
KRW-SXP,282.1,282.2,282.2,282.1,2122.21378024,2024-09-14T22:40:00
KRW-SXP,281.5,281.5,281.5,281.5,49.54775411,2024-09-14T22:35:00
KRW-SXP,282.2,282.2,282.2,282.2,7054.31380731,2024-09-14T22:15:00
BTC-OXT,1.2e-06,1.2e-06,1.2e-06,1.2e-06,46814.93308024,2024-09-14T20:20:00
BTC-OXT,1.21e-06,1.21e-06,1.21e-06,1.21e-06,20538.19421487,2024-09-14T20:10:00
BTC-OXT,1.2e-06,1.2e-06,1.2e-06,1.2e-06,64946.3215368,2024-09-14T19:05:00
KRW-HUNT,365.3,365.3,365.3,365.3,1239.1524279,2024-09-14T22:50:00
KRW-HUNT,365.2,365.3,365.3,365.2,1000.0,2024-09-14T22:35:00
KRW-HUNT,363.7,363.7,363.7,363.7,60.61727244,2024-09-14T22:30:00
BTC-SAND,4.3e-06,4.3e-06,4.3e-06,4.3e-06,209.30232558,2024-09-14T18:20:00
BTC-SAND,4.3e-06,4.3e-06,4.3e-06,4.3e-06,23.25581395,2024-09-14T15:40:00
BTC-SAND,4.4e-06,4.4e-06,4.4e-06,4.4e-06,150.0,2024-09-12T17:05:00
BTC-SUN,4e-07,4e-07,4e-07,4e-07,13268.0299249,2024-09-14T22:35:00
BTC-SUN,4.1e-07,4.1e-07,4.1e-07,4.1e-07,7020.39292014,2024-09-14T22:30:00
BTC-SUN,4.1e-07,4.1e-07,4.2e-07,4.1e-07,225758.74425433,2024-09-14T22:25:00
KRW-DOT,5896.0,5896.0,5896.0,5896.0,678.42605156,2024-09-14T22:45:00
KRW-DOT,5895.0,5895.0,5895.0,5895.0,0.86411385,2024-09-14T22:35:00
KRW-DOT,5893.0,5893.0,5893.0,5893.0,59.38520642,2024-09-14T22:25:00
BTC-QTCON,3e-08,3e-08,3e-08,3e-08,10000.0,2024-09-14T14:35:00
BTC-QTCON,2e-08,2e-08,2e-08,2e-08,4303.57439733,2024-09-14T10:15:00
BTC-QTCON,3e-08,3e-08,3e-08,3e-08,373401.83333333,2024-09-14T09:30:00
BTC-MVL,6e-08,6e-08,6e-08,6e-08,7578.34487315,2024-09-14T06:40:00
BTC-MVL,6e-08,6e-08,6e-08,6e-08,1036.69154228,2024-09-14T06:35:00
BTC-MVL,6e-08,6e-08,6e-08,6e-08,29867.20547983,2024-09-14T05:55:00
KRW-MVL,4.783,4.789,4.789,4.77,2165617.76921439,2024-09-14T22:20:00
KRW-MVL,4.788,4.79,4.79,4.788,42823.38250544,2024-09-14T22:05:00
KRW-MVL,4.795,4.795,4.795,4.795,5978.42720939,2024-09-14T22:00:00
BTC-REI,8.5e-07,8.5e-07,8.5e-07,8.5e-07,67591.30744712,2024-09-14T22:20:00
BTC-REI,8.4e-07,8.5e-07,8.5e-07,8.4e-07,1252.10867258,2024-09-14T22:10:00
BTC-REI,8.3e-07,8.4e-07,8.4e-07,8.3e-07,936.40264354,2024-09-14T22:05:00
BTC-AQT,1.365e-05,1.365e-05,1.365e-05,1.365e-05,7.5,2024-09-12T16:35:00
BTC-AQT,1.336e-05,1.336e-05,1.336e-05,1.336e-05,1055.8888,2024-09-12T02:30:00
BTC-AQT,1.464e-05,1.464e-05,1.464e-05,1.464e-05,96.9447381,2024-09-10T12:40:00
BTC-AXS,8.051e-05,8.051e-05,8.051e-05,8.051e-05,6.8044043,2024-09-14T07:45:00
BTC-AXS,7.961e-05,7.961e-05,7.961e-05,7.961e-05,2.46903621,2024-09-13T14:35:00
BTC-AXS,8.083e-05,8.083e-05,8.083e-05,8.083e-05,2.31767263,2024-09-13T07:55:00
BTC-STRAX,7.8e-07,7.8e-07,7.8e-07,7.8e-07,8216.92686935,2024-09-13T18:15:00
BTC-STRAX,7.8e-07,7.8e-07,7.8e-07,7.8e-07,12352.15938409,2024-09-13T15:30:00
BTC-STRAX,7.8e-07,7.8e-07,7.8e-07,7.8e-07,16543.04894315,2024-09-13T15:15:00
KRW-STRAX,61.94,61.95,61.95,61.94,8387.55824185,2024-09-14T22:40:00
KRW-STRAX,61.92,61.92,61.92,61.92,204.50845473,2024-09-14T22:35:00
KRW-STRAX,61.89,62.09,62.09,61.89,108666.28759357,2024-09-14T22:30:00
KRW-AQT,1107.0,1110.0,1110.0,1106.0,1954.95484314,2024-09-14T22:50:00
KRW-AQT,1107.0,1107.0,1107.0,1106.0,68.87150807,2024-09-14T22:45:00
KRW-AQT,1107.0,1107.0,1107.0,1107.0,4.56187895,2024-09-14T22:40:00
BTC-GLM,4.69e-06,4.69e-06,4.69e-06,4.69e-06,48.36485661,2024-09-12T00:30:00
BTC-GLM,4.81e-06,4.81e-06,4.81e-06,4.81e-06,2613.09239354,2024-09-09T07:20:00
BTC-GLM,4.72e-06,4.72e-06,4.72e-06,4.72e-06,42.28348708,2024-09-07T13:45:00
KRW-GLM,378.7,379.4,379.4,378.1,15293.01834785,2024-09-14T22:50:00
KRW-GLM,379.5,378.8,379.5,378.8,10370.64977042,2024-09-14T22:45:00
KRW-GLM,378.8,379.5,379.5,378.8,1734.88140001,2024-09-14T22:40:00
BTC-FCT2,5.6e-07,5.6e-07,5.6e-07,5.6e-07,50350.26269702,2024-09-14T11:10:00
BTC-FCT2,5.6e-07,5.6e-07,5.6e-07,5.6e-07,12135.99889592,2024-09-14T04:00:00
BTC-FCT2,5.7e-07,5.5e-07,5.7e-07,5.5e-07,231.81818181,2024-09-14T01:35:00
KRW-META,33.11,33.11,33.11,33.11,8160.94307078,2024-09-14T22:55:00
KRW-META,33.1,33.1,33.1,33.1,16471.92067041,2024-09-14T22:35:00
KRW-META,33.1,33.1,33.1,33.1,2625.18287683,2024-09-14T22:30:00
KRW-FCT2,45.0,45.0,45.0,44.98,116769.16570761,2024-09-14T22:50:00
KRW-FCT2,45.09,44.98,45.09,44.98,183574.21050878,2024-09-14T22:45:00
KRW-FCT2,45.09,45.09,45.09,45.01,226089.20775739,2024-09-14T22:40:00
BTC-FIL,6.151e-05,6.151e-05,6.151e-05,6.151e-05,779.82393106,2024-09-14T22:45:00
BTC-FIL,6.112e-05,6.151e-05,6.151e-05,6.112e-05,18.28877398,2024-09-14T22:40:00
BTC-FIL,6.151e-05,6.108e-05,6.151e-05,6.103e-05,1013.95236637,2024-09-14T22:20:00
BTC-UNI,0.000112,0.000112,0.000112,0.000112,100.67251514,2024-09-14T21:40:00
BTC-UNI,0.00011137,0.00011137,0.00011137,0.00011137,1.04092758,2024-09-14T20:45:00
BTC-UNI,0.00011172,0.0001117,0.00011172,0.0001117,496.87220508,2024-09-14T16:00:00
BTC-INJ,0.00032488,0.00032488,0.00032488,0.00032488,0.52534451,2024-09-14T22:35:00
BTC-INJ,0.00032215,0.00032215,0.00032215,0.00032215,50.0,2024-09-14T20:50:00
BTC-INJ,0.00032333,0.00032333,0.00032333,0.00032333,182.4345,2024-09-14T20:30:00
BTC-PROM,8.853e-05,8.853e-05,8.853e-05,8.853e-05,7.02355711,2024-09-14T20:45:00
BTC-PROM,8.861e-05,8.851e-05,8.861e-05,8.851e-05,339.72178078,2024-09-14T18:45:00
BTC-PROM,8.512e-05,8.463e-05,8.533e-05,8.407e-05,941.93052099,2024-09-14T18:35:00
BTC-VAL,1.782e-05,1.782e-05,1.782e-05,1.782e-05,5.61167227,2024-09-14T12:30:00
BTC-VAL,1.782e-05,1.782e-05,1.782e-05,1.782e-05,883.47727272,2024-09-14T10:40:00
BTC-VAL,1.792e-05,1.792e-05,1.792e-05,1.792e-05,2083.67790802,2024-09-14T09:40:00
BTC-PSG,3.74e-05,3.74e-05,3.74e-05,3.74e-05,46.56498284,2024-09-14T17:40:00
BTC-PSG,3.743e-05,3.743e-05,3.743e-05,3.743e-05,46.56498284,2024-09-14T17:35:00
BTC-PSG,3.743e-05,3.743e-05,3.743e-05,3.743e-05,200.0,2024-09-14T17:30:00
BTC-JUV,2.741e-05,2.741e-05,2.741e-05,2.741e-05,22.2162451,2024-09-14T10:40:00
BTC-JUV,2.8e-05,2.8e-05,2.8e-05,2.8e-05,32.14285714,2024-09-13T23:55:00
BTC-JUV,2.8e-05,2.769e-05,2.8e-05,2.769e-05,219.1652625,2024-09-13T17:00:00
BTC-CBK,8.6e-06,9.15e-06,9.15e-06,8.6e-06,67.26530364,2024-09-13T23:00:00
BTC-CBK,8.72e-06,8.72e-06,8.72e-06,8.72e-06,80.0,2024-09-13T19:10:00
BTC-CBK,8.72e-06,8.72e-06,8.72e-06,8.72e-06,20.03506271,2024-09-13T00:35:00
BTC-FOR,7e-08,7e-08,7e-08,7e-08,2185.71428571,2024-09-14T22:20:00
BTC-FOR,7e-08,7e-08,7e-08,7e-08,409220.0,2024-09-14T21:45:00
BTC-FOR,7e-08,7e-08,7e-08,7e-08,570.6,2024-09-14T21:05:00
KRW-CBK,682.8,682.8,682.8,682.8,452.152,2024-09-14T22:45:00
KRW-CBK,683.0,683.0,683.0,683.0,1460.92037983,2024-09-14T22:30:00
KRW-CBK,683.2,683.0,683.2,683.0,25.07838004,2024-09-14T22:25:00
BTC-BFC,6.5e-07,6.5e-07,6.5e-07,6.5e-07,1049.5914061,2024-09-14T20:45:00
BTC-BFC,6.5e-07,6.5e-07,6.5e-07,6.5e-07,3300.0,2024-09-14T20:25:00
BTC-BFC,6.4e-07,6.4e-07,6.4e-07,6.4e-07,296.47601351,2024-09-14T20:10:00
BTC-HPO,8.6e-07,8.6e-07,8.6e-07,8.6e-07,110.55634807,2024-09-14T08:55:00
BTC-HPO,8.9e-07,8.9e-07,8.9e-07,8.9e-07,142.08358366,2024-09-11T23:00:00
BTC-HPO,8.9e-07,8.9e-07,8.9e-07,8.9e-07,73.93874863,2024-09-11T22:55:00
BTC-CELO,7.45e-06,7.45e-06,7.45e-06,7.45e-06,622.91033557,2024-09-14T22:50:00
BTC-CELO,7.26e-06,7.26e-06,7.26e-06,7.26e-06,73.48544,2024-09-12T22:05:00
BTC-CELO,7.8e-06,7.8e-06,7.8e-06,7.8e-06,75.54417413,2024-09-11T07:00:00
KRW-SAND,341.8,341.8,341.8,341.8,1594.84049193,2024-09-14T22:55:00
KRW-SAND,341.4,341.8,341.8,341.4,7094.85048441,2024-09-14T22:50:00
KRW-SAND,341.6,341.4,341.6,341.4,8967.02839578,2024-09-14T22:45:00
KRW-HPO,69.77,69.77,69.77,69.77,7166.40389852,2024-09-14T22:50:00
KRW-HPO,69.7,69.77,69.77,69.7,2708.92502391,2024-09-14T22:45:00
KRW-HPO,69.7,69.7,69.7,69.7,84.924,2024-09-14T22:40:00
BTC-IQ,9e-08,9e-08,9e-08,9e-08,1356.11111111,2024-09-14T13:15:00
BTC-IQ,9e-08,9e-08,9e-08,9e-08,45000.0,2024-09-13T10:50:00
BTC-IQ,8e-08,8e-08,8e-08,8e-08,761.19874762,2024-09-11T15:10:00
BTC-STX,2.672e-05,2.672e-05,2.672e-05,2.672e-05,22.7998176,2024-09-14T19:40:00
BTC-STX,2.652e-05,2.672e-05,2.681e-05,2.652e-05,176.50830905,2024-09-14T15:40:00
BTC-STX,2.698e-05,2.698e-05,2.698e-05,2.698e-05,0.9,2024-09-14T11:45:00
KRW-DOGE,141.9,141.9,141.9,141.9,73418.45638139,2024-09-14T22:55:00
KRW-DOGE,141.6,141.8,141.8,141.4,1205615.75094664,2024-09-14T22:50:00
KRW-DOGE,141.6,141.7,141.7,141.5,101817.87829333,2024-09-14T22:45:00
BTC-NEAR,6.956e-05,6.956e-05,6.956e-05,6.956e-05,100.0,2024-09-14T19:20:00
BTC-NEAR,7.081e-05,7.081e-05,7.081e-05,7.081e-05,121.76286874,2024-09-14T01:45:00
BTC-NEAR,7.081e-05,7.081e-05,7.081e-05,7.081e-05,189.69954501,2024-09-12T11:20:00
BTC-AUCTION,0.00024,0.00024,0.00024,0.00024,0.20332502,2024-09-14T19:50:00
BTC-AUCTION,0.00024,0.00024,0.00024,0.00024,0.3,2024-09-14T18:15:00
BTC-AUCTION,0.00024281,0.00024281,0.00024281,0.00024281,0.5,2024-09-14T16:15:00
BTC-FLOW,9.36e-06,9.36e-06,9.36e-06,9.36e-06,842.80238805,2024-09-13T20:45:00
BTC-FLOW,9.58e-06,9.75e-06,9.75e-06,9.58e-06,43.46478948,2024-09-13T13:35:00
BTC-FLOW,9.58e-06,9.58e-06,9.58e-06,9.58e-06,17.96811836,2024-09-13T08:25:00
BTC-STRIKE,0.00010333,0.00010333,0.00010333,0.00010333,2.94051291,2024-09-13T14:55:00
BTC-STRIKE,0.00010277,0.00010285,0.00010285,0.00010277,313.72372964,2024-09-13T09:25:00
BTC-STRIKE,0.00010178,0.00010178,0.00010178,0.00010178,268.62028502,2024-09-10T14:40:00
KRW-STRIKE,8469.0,8476.0,8476.0,8468.0,148.55443286,2024-09-14T22:35:00
KRW-STRIKE,8469.0,8469.0,8469.0,8469.0,1.91500681,2024-09-14T22:30:00
KRW-STRIKE,8476.0,8476.0,8476.0,8476.0,3.53898784,2024-09-14T22:25:00
BTC-PUNDIX,6.31e-06,6.31e-06,6.31e-06,6.31e-06,11.90746234,2024-09-14T14:05:00
BTC-PUNDIX,6.53e-06,6.53e-06,6.53e-06,6.53e-06,422.34449273,2024-09-13T20:55:00
BTC-PUNDIX,6.31e-06,6.31e-06,6.31e-06,6.31e-06,258.0,2024-09-12T16:30:00
KRW-PUNDIX,519.9,519.7,519.9,519.7,3357.87126586,2024-09-14T22:45:00
KRW-PUNDIX,519.7,519.7,519.7,519.7,749.02876518,2024-09-14T22:40:00
KRW-PUNDIX,520.1,520.1,520.1,520.1,595.154,2024-09-14T22:35:00
KRW-FLOW,750.2,748.4,750.2,748.4,262.61017672,2024-09-14T22:45:00
KRW-FLOW,748.7,750.5,750.5,748.7,1451.86318797,2024-09-14T22:40:00
KRW-FLOW,748.2,748.2,748.2,748.2,11021.40554472,2024-09-14T22:35:00
KRW-AXS,6376.0,6376.0,6376.0,6376.0,1.56985871,2024-09-14T22:40:00
KRW-AXS,6376.0,6376.0,6376.0,6376.0,51.88786,2024-09-14T22:30:00
KRW-AXS,6380.0,6376.0,6380.0,6376.0,290.37697047,2024-09-14T22:25:00
KRW-STX,2156.0,2156.0,2156.0,2156.0,225.6,2024-09-14T22:55:00
KRW-STX,2159.0,2156.0,2159.0,2155.0,7673.57483914,2024-09-14T22:50:00
KRW-STX,2155.0,2159.0,2160.0,2154.0,30876.41715473,2024-09-14T22:45:00
BTC-GRT,2.47e-06,2.48e-06,2.48e-06,2.47e-06,11569.0527838,2024-09-14T20:00:00
BTC-GRT,2.47e-06,2.47e-06,2.47e-06,2.47e-06,46.91901616,2024-09-13T14:10:00
BTC-GRT,2.47e-06,2.47e-06,2.47e-06,2.47e-06,31.01137583,2024-09-13T14:00:00
BTC-SNX,2.411e-05,2.411e-05,2.411e-05,2.41e-05,300.0,2024-09-14T22:40:00
BTC-SNX,2.39e-05,2.39e-05,2.39e-05,2.39e-05,28.45188285,2024-09-14T20:55:00
BTC-SNX,2.39e-05,2.39e-05,2.39e-05,2.39e-05,71.89914599,2024-09-14T19:20:00
BTC-USDP,1.666e-05,1.666e-05,1.666e-05,1.666e-05,370.54612273,2024-09-14T19:45:00
BTC-USDP,1.666e-05,1.666e-05,1.666e-05,1.666e-05,488.67014907,2024-09-14T02:45:00
BTC-USDP,1.674e-05,1.674e-05,1.674e-05,1.674e-05,40.65266387,2024-09-13T15:35:00
KRW-XEC,0.04287,0.04283,0.04287,0.04283,78644647.47521833,2024-09-14T22:55:00
KRW-XEC,0.04293,0.0429,0.04294,0.0429,96097447.6554985,2024-09-14T22:50:00
KRW-XEC,0.04294,0.04293,0.04294,0.0429,14956057.93217322,2024-09-14T22:40:00
KRW-SOL,184250.0,184200.0,184250.0,184200.0,3.80454357,2024-09-14T22:55:00
KRW-SOL,184200.0,184200.0,184200.0,184100.0,320.58143105,2024-09-14T22:50:00
KRW-SOL,184000.0,184100.0,184200.0,184000.0,215.91013681,2024-09-14T22:45:00
BTC-SOL,0.00227951,0.00227951,0.00227951,0.00227951,3.48601738,2024-09-14T20:25:00
BTC-SOL,0.00227921,0.00227921,0.00227921,0.00227921,0.08196597,2024-09-14T19:00:00
BTC-SOL,0.00227841,0.00227841,0.00227841,0.00227841,0.08950854,2024-09-14T16:45:00
KRW-POL,550.5,550.5,550.5,550.5,821.77432752,2024-09-14T22:55:00
KRW-POL,549.7,550.5,550.5,549.3,20851.75058575,2024-09-14T22:50:00
KRW-POL,551.1,549.8,552.2,549.5,50974.00300882,2024-09-14T22:45:00
BTC-POL,7.18e-06,7.18e-06,7.18e-06,7.18e-06,1481.54874651,2024-09-14T22:05:00
BTC-POL,6.81e-06,6.81e-06,6.81e-06,6.81e-06,768.29516203,2024-09-14T21:55:00
BTC-POL,6.87e-06,6.87e-06,6.87e-06,6.87e-06,307.98921061,2024-09-14T18:05:00
KRW-AAVE,186450.0,186300.0,186450.0,186300.0,116.63850908,2024-09-14T22:50:00
KRW-AAVE,186500.0,186350.0,186500.0,186300.0,149.75350757,2024-09-14T22:45:00
KRW-AAVE,186600.0,186500.0,186700.0,186500.0,57.88968806,2024-09-14T22:40:00
KRW-1INCH,353.2,352.8,353.2,352.8,4390.49106704,2024-09-14T22:50:00
KRW-1INCH,352.8,352.8,352.8,352.8,226.75736962,2024-09-14T22:45:00
KRW-1INCH,352.5,353.2,353.2,352.5,7147.61151916,2024-09-14T22:40:00
BTC-AAVE,0.00234734,0.00234734,0.00234734,0.00234734,9.39314536,2024-09-14T12:35:00
BTC-AAVE,0.00234734,0.00234734,0.00234734,0.00234734,0.66416343,2024-09-14T10:55:00
BTC-AAVE,0.0024465,0.0024465,0.0024465,0.0024465,0.01001478,2024-09-13T16:30:00
BTC-1INCH,4.36e-06,4.36e-06,4.36e-06,4.36e-06,565.16836294,2024-09-14T18:10:00
BTC-1INCH,4.29e-06,4.29e-06,4.29e-06,4.29e-06,318.64976577,2024-09-13T20:05:00
BTC-1INCH,4.48e-06,4.48e-06,4.48e-06,4.48e-06,15.06080896,2024-09-13T14:35:00
BTC-MASK,3.832e-05,3.832e-05,3.832e-05,3.832e-05,190.35219152,2024-09-13T15:15:00
BTC-MASK,3.758e-05,3.758e-05,3.758e-05,3.758e-05,0.3615627,2024-09-13T09:00:00
BTC-MASK,3.758e-05,3.758e-05,3.758e-05,3.758e-05,3.39199898,2024-09-13T08:55:00
KRW-ALGO,176.3,176.6,176.6,176.2,14606.60099224,2024-09-14T22:50:00
KRW-ALGO,176.3,176.3,176.3,176.3,1163.72093023,2024-09-14T22:45:00
KRW-ALGO,176.1,176.1,176.1,176.1,28.6313806,2024-09-14T22:35:00
BTC-AUDIO,2.14e-06,2.14e-06,2.14e-06,2.14e-06,3300.0,2024-09-14T22:50:00
BTC-AUDIO,2.14e-06,2.14e-06,2.14e-06,2.14e-06,6882.88237435,2024-09-14T22:45:00
BTC-AUDIO,2.14e-06,2.14e-06,2.14e-06,2.14e-06,2650.0,2024-09-14T22:40:00
KRW-NEAR,5635.0,5640.0,5640.0,5630.0,6848.25681669,2024-09-14T22:50:00
KRW-NEAR,5640.0,5635.0,5640.0,5635.0,3379.05804134,2024-09-14T22:45:00
KRW-NEAR,5637.0,5640.0,5640.0,5634.0,3062.95217507,2024-09-14T22:40:00
BTC-YGG,6.65e-06,6.65e-06,6.65e-06,6.65e-06,902.2556391,2024-09-14T22:20:00
BTC-YGG,6.67e-06,6.67e-06,6.67e-06,6.67e-06,150.0,2024-09-14T22:10:00
BTC-YGG,6.7e-06,6.7e-06,6.7e-06,6.7e-06,1153.9806565,2024-09-14T22:05:00
BTC-GTC,1.046e-05,1.047e-05,1.047e-05,1.046e-05,600.0,2024-09-14T22:40:00
BTC-GTC,1.028e-05,1.027e-05,1.028e-05,1.025e-05,1000.09772953,2024-09-14T20:30:00
BTC-GTC,1.031e-05,1.031e-05,1.031e-05,1.031e-05,320.73487381,2024-09-14T17:45:00
BTC-OCEAN,9.73e-06,9.73e-06,9.73e-06,9.73e-06,300.0,2024-09-14T22:50:00
BTC-OCEAN,9.73e-06,9.73e-06,9.73e-06,9.73e-06,700.97448678,2024-09-14T22:00:00
BTC-OCEAN,9.75e-06,9.75e-06,9.75e-06,9.75e-06,901.17824362,2024-09-14T21:55:00
BTC-CTC,7.01e-06,7.01e-06,7.01e-06,7.01e-06,10.0,2024-09-14T18:15:00
BTC-CTC,7.36e-06,7.36e-06,7.36e-06,7.36e-06,9.64301203,2024-09-14T10:10:00
BTC-CTC,7.1e-06,7.1e-06,7.1e-06,7.1e-06,791.19117607,2024-09-14T04:30:00
BTC-LPT,0.00020961,0.00020961,0.00020961,0.00020961,0.59712499,2024-09-14T20:30:00
BTC-LPT,0.00021231,0.00021231,0.00021231,0.00021231,8.72041776,2024-09-14T17:55:00
BTC-LPT,0.00021176,0.0002108,0.00021176,0.00021075,63.05925089,2024-09-14T15:40:00
KRW-AVAX,33490.0,33490.0,33490.0,33490.0,0.00053931,2024-09-14T22:55:00
KRW-AVAX,33410.0,33490.0,33490.0,33370.0,333.38412312,2024-09-14T22:50:00
KRW-AVAX,33410.0,33410.0,33420.0,33410.0,47.99697669,2024-09-14T22:45:00
BTC-AVAX,0.00040752,0.00040752,0.00040752,0.00040752,25.05617017,2024-09-14T18:35:00
BTC-AVAX,0.00041714,0.00041714,0.00041714,0.00041714,5.28225535,2024-09-14T13:50:00
BTC-AVAX,0.00040732,0.00040732,0.00040732,0.00040732,3.0,2024-09-14T13:15:00
BTC-IMX,2.176e-05,2.176e-05,2.176e-05,2.176e-05,4.59558823,2024-09-14T15:45:00
BTC-IMX,2.172e-05,2.172e-05,2.172e-05,2.172e-05,286.66528545,2024-09-13T06:30:00
BTC-IMX,2.154e-05,2.154e-05,2.154e-05,2.154e-05,461.04186653,2024-09-12T23:40:00
BTC-RENDER,8.907e-05,8.907e-05,8.907e-05,8.907e-05,1.07504751,2024-09-14T22:25:00
BTC-RENDER,8.884e-05,8.884e-05,8.884e-05,8.884e-05,5.99489441,2024-09-14T22:10:00
BTC-RENDER,8.773e-05,8.773e-05,8.773e-05,8.773e-05,32.16832613,2024-09-14T22:00:00
BTC-RLY,1e-07,1e-07,1e-07,1e-07,149230.94763092,2024-09-14T22:35:00
BTC-RLY,1e-07,1.1e-07,1.1e-07,1e-07,137731.5045719,2024-09-14T22:15:00
BTC-RLY,1.1e-07,1.1e-07,1.1e-07,1.1e-07,824.82142857,2024-09-14T16:50:00
KRW-T,29.09,29.09,29.09,29.09,344.63733241,2024-09-14T22:55:00
KRW-T,29.1,29.09,29.1,29.09,30629.30481254,2024-09-14T22:50:00
KRW-T,29.11,29.11,29.11,29.11,34352.45620061,2024-09-14T22:45:00
BTC-T,3.7e-07,3.7e-07,3.7e-07,3.7e-07,13497.88284732,2024-09-14T09:20:00
BTC-T,3.7e-07,3.7e-07,3.7e-07,3.7e-07,19529.06112311,2024-09-14T09:10:00
BTC-T,3.6e-07,3.6e-07,3.6e-07,3.6e-07,11499.86283169,2024-09-11T12:10:00
KRW-CELO,592.3,592.6,592.6,592.3,2741.96644896,2024-09-14T22:50:00
KRW-CELO,592.2,592.2,592.2,592.2,1297.2378862,2024-09-14T22:45:00
KRW-CELO,592.3,592.3,592.3,592.3,67.46581124,2024-09-14T22:40:00
BTC-RAD,1.872e-05,1.872e-05,1.872e-05,1.872e-05,3.0,2024-09-14T21:40:00
BTC-RAD,1.801e-05,1.801e-05,1.801e-05,1.801e-05,481.94933687,2024-09-14T21:20:00
BTC-RAD,1.815e-05,1.815e-05,1.815e-05,1.815e-05,885.16340003,2024-09-14T20:55:00
BTC-AGLD,1.475e-05,1.488e-05,1.488e-05,1.473e-05,1458.78302806,2024-09-14T22:50:00
BTC-AGLD,1.489e-05,1.475e-05,1.489e-05,1.475e-05,1330.31425748,2024-09-14T22:40:00
BTC-AGLD,1.486e-05,1.486e-05,1.486e-05,1.486e-05,33.25841184,2024-09-14T22:35:00
BTC-API3,2.501e-05,2.501e-05,2.501e-05,2.501e-05,1.2106859,2024-09-14T16:00:00
BTC-API3,2.501e-05,2.501e-05,2.501e-05,2.501e-05,305.0,2024-09-14T15:50:00
BTC-API3,2.501e-05,2.501e-05,2.501e-05,2.501e-05,104.44240196,2024-09-14T13:45:00
BTC-ARPA,6.9e-07,6.9e-07,6.9e-07,6.9e-07,10000.0,2024-09-14T19:45:00
BTC-ARPA,6.9e-07,7e-07,7e-07,6.9e-07,20000.0,2024-09-14T19:25:00
BTC-ARPA,6.8e-07,6.8e-07,6.8e-07,6.8e-07,60940.83043348,2024-09-14T17:25:00
BTC-ENS,0.00029326,0.00029326,0.00029326,0.00029326,10.0,2024-09-14T18:45:00
BTC-ENS,0.00029723,0.00029723,0.00029723,0.00029723,0.19607329,2024-09-14T11:40:00
BTC-ENS,0.00029723,0.00029723,0.00029723,0.00029723,20.5093881,2024-09-14T11:15:00
KRW-GMT,181.4,181.5,181.5,181.1,28245.44660945,2024-09-14T22:50:00
KRW-GMT,181.6,181.5,181.6,181.5,23940.03149939,2024-09-14T22:45:00
KRW-GMT,181.5,181.7,181.7,181.5,10832.80584998,2024-09-14T22:40:00
BTC-GMT,2.26e-06,2.26e-06,2.26e-06,2.26e-06,756.12738066,2024-09-14T10:20:00
BTC-GMT,2.26e-06,2.26e-06,2.26e-06,2.26e-06,1789.86206293,2024-09-14T05:00:00
BTC-GMT,2.41e-06,2.41e-06,2.41e-06,2.41e-06,172.00037026,2024-09-13T11:35:00
BTC-APE,1.247e-05,1.247e-05,1.247e-05,1.247e-05,8.88004348,2024-09-14T20:40:00
BTC-APE,1.233e-05,1.233e-05,1.233e-05,1.233e-05,1.85409968,2024-09-14T20:30:00
BTC-APE,1.233e-05,1.235e-05,1.235e-05,1.233e-05,127.11705733,2024-09-14T20:15:00
BTC-RAY,2.523e-05,2.523e-05,2.523e-05,2.523e-05,763.29095294,2024-09-14T21:35:00
BTC-RAY,2.505e-05,2.504e-05,2.509e-05,2.504e-05,84.81010588,2024-09-14T20:15:00
BTC-RAY,2.524e-05,2.522e-05,2.524e-05,2.522e-05,1639.40974783,2024-09-14T17:45:00
KRW-APT,8230.0,8230.0,8230.0,8230.0,145.74383001,2024-09-14T22:55:00
KRW-APT,8230.0,8230.0,8230.0,8228.0,1018.12184327,2024-09-14T22:50:00
KRW-APT,8258.0,8230.0,8258.0,8230.0,1065.59992504,2024-09-14T22:45:00
BTC-APT,0.00010481,0.00010481,0.00010481,0.00010481,14.7,2024-09-14T17:00:00
BTC-APT,0.00010415,0.00010436,0.00010436,0.00010415,27.40919652,2024-09-14T13:15:00
BTC-APT,0.00010409,0.00010409,0.00010409,0.00010409,0.99692035,2024-09-14T00:30:00
BTC-ACM,2.546e-05,2.546e-05,2.546e-05,2.546e-05,48.47974195,2024-09-14T09:45:00
BTC-ACM,2.546e-05,2.546e-05,2.546e-05,2.546e-05,404.20735234,2024-09-14T08:05:00
BTC-ACM,2.546e-05,2.546e-05,2.547e-05,2.546e-05,340.0,2024-09-14T08:00:00
BTC-AFC,1.587e-05,1.6e-05,1.6e-05,1.587e-05,431.03812555,2024-09-14T17:25:00
BTC-AFC,1.6e-05,1.6e-05,1.6e-05,1.6e-05,200.0,2024-09-14T17:00:00
BTC-AFC,1.61e-05,1.6e-05,1.61e-05,1.6e-05,100.0,2024-09-14T11:10:00
BTC-ATM,3.104e-05,3.104e-05,3.104e-05,3.104e-05,170.0,2024-09-14T22:10:00
BTC-ATM,3.059e-05,3.059e-05,3.152e-05,3.059e-05,573.611,2024-09-14T21:05:00
BTC-ATM,3.058e-05,3.058e-05,3.058e-05,3.058e-05,1.91017165,2024-09-14T14:25:00
BTC-BAR,3e-05,3e-05,3e-05,3e-05,17.0,2024-09-14T16:00:00
BTC-BAR,2.863e-05,2.863e-05,2.863e-05,2.863e-05,87.04360793,2024-09-14T08:40:00
BTC-BAR,2.996e-05,2.863e-05,2.996e-05,2.863e-05,20.97727988,2024-09-14T07:50:00
BTC-CITY,3.38e-05,3.374e-05,3.381e-05,3.374e-05,447.44056318,2024-09-14T20:20:00
BTC-CITY,3.468e-05,3.468e-05,3.468e-05,3.468e-05,187.80550749,2024-09-14T18:55:00
BTC-CITY,3.332e-05,3.331e-05,3.332e-05,3.326e-05,549.11545874,2024-09-14T10:25:00
BTC-INTER,2.382e-05,2.381e-05,2.382e-05,2.381e-05,258.27444563,2024-09-14T15:25:00
BTC-INTER,2.386e-05,2.386e-05,2.386e-05,2.386e-05,23.25581395,2024-09-14T14:55:00
BTC-INTER,2.4e-05,2.41e-05,2.41e-05,2.4e-05,200.0,2024-09-14T11:00:00
BTC-NAP,2.365e-05,2.368e-05,2.369e-05,2.364e-05,27.62236336,2024-09-14T17:45:00
BTC-NAP,2.362e-05,2.364e-05,2.364e-05,2.362e-05,7.04492783,2024-09-14T17:40:00
BTC-NAP,2.334e-05,2.334e-05,2.334e-05,2.327e-05,174.2211,2024-09-14T16:20:00
KRW-SHIB,0.01848,0.01848,0.01849,0.01848,217160604.86650696,2024-09-14T22:55:00
KRW-SHIB,0.01844,0.01848,0.01849,0.01844,2896288148.108583,2024-09-14T22:50:00
KRW-SHIB,0.01844,0.01845,0.01845,0.01842,895652861.9018737,2024-09-14T22:45:00
BTC-G,5.9e-07,5.9e-07,5.9e-07,5.9e-07,82911.84430544,2024-09-14T20:10:00
BTC-G,5.9e-07,5.9e-07,5.9e-07,5.9e-07,3093.34709795,2024-09-14T10:25:00
BTC-G,6.4e-07,6.4e-07,6.4e-07,6.4e-07,58.83200041,2024-09-13T19:50:00
BTC-ASTR,9.8e-07,9.8e-07,9.8e-07,9.8e-07,6771.23404255,2024-09-14T08:55:00
BTC-ASTR,1e-06,1e-06,1e-06,1e-06,1483.51648351,2024-09-13T23:10:00
BTC-ASTR,1e-06,1e-06,1e-06,1e-06,1177.67165272,2024-09-13T23:05:00
BTC-BLUR,3.06e-06,3.06e-06,3.06e-06,3.06e-06,49.28778377,2024-09-14T09:45:00
BTC-BLUR,3.09e-06,3.09e-06,3.09e-06,3.09e-06,42.09703947,2024-09-14T06:15:00
BTC-BLUR,3.08e-06,3.08e-06,3.08e-06,3.08e-06,14394.40016433,2024-09-13T21:35:00
KRW-MASK,2849.0,2849.0,2849.0,2849.0,205.24748155,2024-09-14T22:50:00
KRW-MASK,2849.0,2849.0,2849.0,2848.0,406.06909231,2024-09-14T22:35:00
KRW-MASK,2850.0,2851.0,2851.0,2850.0,385.60427217,2024-09-14T22:30:00
BTC-ACS,3e-08,3e-08,3e-08,3e-08,29088.0,2024-09-14T21:00:00
BTC-ACS,3e-08,3e-08,3e-08,3e-08,18666.66666666,2024-09-14T19:05:00
BTC-ACS,3e-08,3e-08,3e-08,3e-08,2906.0,2024-09-14T18:15:00
BTC-MAGIC,5.91e-06,5.91e-06,5.91e-06,5.91e-06,110.27953792,2024-09-14T22:50:00
BTC-MAGIC,5.8e-06,5.8e-06,5.8e-06,5.8e-06,289.7766345,2024-09-14T16:40:00
BTC-MAGIC,5.85e-06,5.85e-06,5.85e-06,5.85e-06,1217.49999999,2024-09-14T16:35:00
KRW-ARB,714.6,714.6,714.6,714.6,264.70415075,2024-09-14T22:55:00
KRW-ARB,714.2,714.3,714.4,714.2,391.97957683,2024-09-14T22:50:00
KRW-ARB,714.9,714.1,714.9,713.9,14750.07699401,2024-09-14T22:45:00
BTC-ARB,8.92e-06,8.92e-06,8.92e-06,8.92e-06,98.23494932,2024-09-13T21:30:00
BTC-ARB,9.2e-06,9.2e-06,9.2e-06,9.2e-06,64.71335234,2024-09-13T14:15:00
BTC-ARB,8.96e-06,8.96e-06,8.96e-06,8.96e-06,261.33912031,2024-09-13T10:05:00
KRW-EGLD,35600.0,35600.0,35600.0,35600.0,4.04177977,2024-09-14T22:50:00
KRW-EGLD,35570.0,35570.0,35570.0,35570.0,3.00371578,2024-09-14T22:40:00
KRW-EGLD,35550.0,35550.0,35550.0,35550.0,2.46152204,2024-09-14T22:35:00
BTC-EGLD,0.00046825,0.00046825,0.00046825,0.00046825,0.21356113,2024-09-14T15:45:00
BTC-EGLD,0.00046956,0.00046956,0.00046956,0.00046956,15.0,2024-09-08T20:25:00
BTC-EGLD,0.00046957,0.00046957,0.00046957,0.00046957,13.0,2024-09-03T22:30:00
KRW-SUI,1365.0,1363.0,1365.0,1363.0,27015.83023098,2024-09-14T22:55:00
KRW-SUI,1359.0,1364.0,1366.0,1359.0,234009.35618803,2024-09-14T22:50:00
KRW-SUI,1360.0,1359.0,1360.0,1358.0,12018.47111627,2024-09-14T22:45:00
BTC-SUI,1.68e-05,1.68e-05,1.68e-05,1.68e-05,740.93528666,2024-09-14T21:30:00
BTC-SUI,1.655e-05,1.655e-05,1.655e-05,1.655e-05,2579.83102843,2024-09-14T20:30:00
BTC-SUI,1.832e-05,1.832e-05,1.832e-05,1.832e-05,520.80676855,2024-09-14T14:40:00
KRW-GRT,201.4,201.1,201.4,201.1,10792.22483301,2024-09-14T22:50:00
KRW-GRT,201.4,201.4,201.4,201.4,17494.12816322,2024-09-14T22:45:00
KRW-GRT,201.6,201.6,201.6,201.6,4960.31746031,2024-09-14T22:40:00
KRW-BLUR,242.0,242.3,242.3,242.0,24970.57657457,2024-09-14T22:50:00
KRW-BLUR,242.0,242.0,242.1,241.6,44649.73058459,2024-09-14T22:45:00
KRW-BLUR,242.0,242.0,242.2,242.0,44478.13239318,2024-09-14T22:40:00
BTC-MINA,7.37e-06,7.37e-06,7.37e-06,7.37e-06,13.56852103,2024-09-14T12:30:00
BTC-MINA,7.36e-06,7.36e-06,7.36e-06,7.36e-06,277.13189851,2024-09-14T12:10:00
BTC-MINA,7.37e-06,7.37e-06,7.37e-06,7.37e-06,13.56852103,2024-09-14T10:00:00
KRW-IMX,1730.0,1733.0,1733.0,1727.0,5290.03624384,2024-09-14T22:50:00
KRW-IMX,1733.0,1733.0,1733.0,1733.0,226.90962654,2024-09-14T22:45:00
KRW-IMX,1730.0,1733.0,1733.0,1730.0,944.10096143,2024-09-14T22:40:00
BTC-STG,5e-06,5e-06,5e-06,5e-06,1487.28787357,2024-09-13T12:00:00
BTC-STG,5e-06,5e-06,5e-06,5e-06,637.40908866,2024-09-13T11:50:00
BTC-STG,5e-06,5e-06,5e-06,5e-06,20970.5528109,2024-09-13T11:30:00
BTC-SEI,4.94e-06,4.94e-06,4.94e-06,4.94e-06,1081.6763355,2024-09-14T18:00:00
BTC-SEI,5.17e-06,5.17e-06,5.17e-06,5.17e-06,75.24564796,2024-09-13T16:50:00
BTC-SEI,5.32e-06,5.32e-06,5.32e-06,5.32e-06,14.64950761,2024-09-13T10:00:00
KRW-SEI,400.9,401.3,401.4,400.8,29221.89560147,2024-09-14T22:50:00
KRW-SEI,401.8,400.9,401.8,400.9,41219.3406041,2024-09-14T22:45:00
KRW-SEI,400.8,401.5,401.5,400.8,42125.40142755,2024-09-14T22:40:00
BTC-CYBER,5.87e-05,5.87e-05,5.87e-05,5.87e-05,120.83613536,2024-09-14T22:00:00
BTC-CYBER,5.87e-05,5.87e-05,5.87e-05,5.87e-05,51.78691515,2024-09-14T21:45:00
BTC-CYBER,5.868e-05,5.868e-05,5.868e-05,5.868e-05,23.3226,2024-09-14T21:40:00
BTC-GLMR,2.84e-06,2.84e-06,2.84e-06,2.84e-06,6548.64561403,2024-09-14T22:20:00
BTC-GLMR,2.85e-06,2.85e-06,2.85e-06,2.85e-06,21.81563634,2024-09-14T20:55:00
BTC-GLMR,2.82e-06,2.82e-06,2.82e-06,2.82e-06,198.58156028,2024-09-14T19:30:00
KRW-MINA,590.3,590.3,590.3,590.3,512.59359647,2024-09-14T22:35:00
KRW-MINA,590.5,590.5,590.5,590.5,1693.4801016,2024-09-14T22:30:00
KRW-MINA,589.3,589.3,589.3,589.3,1082.29576271,2024-09-14T22:25:00
BTC-ID,5.79e-06,5.79e-06,5.79e-06,5.79e-06,41.33582505,2024-09-14T13:10:00
BTC-ID,5.88e-06,5.88e-06,5.88e-06,5.88e-06,984.53531311,2024-09-13T18:10:00
BTC-ID,5.76e-06,5.76e-06,5.76e-06,5.76e-06,3115.2647975,2024-09-12T01:10:00
BTC-AXL,8.82e-06,8.82e-06,8.82e-06,8.82e-06,2440.0,2024-09-14T22:40:00
BTC-AXL,8.81e-06,8.81e-06,8.81e-06,8.81e-06,399.18529991,2024-09-14T22:35:00
BTC-AXL,8.81e-06,8.81e-06,8.81e-06,8.81e-06,1629.05255081,2024-09-14T22:30:00
KRW-CTC,566.8,566.0,566.8,566.0,7020.918394,2024-09-14T22:45:00
KRW-CTC,567.2,567.2,567.2,567.2,221.512,2024-09-14T22:40:00
KRW-CTC,566.9,567.0,567.0,566.9,6700.05294925,2024-09-14T22:35:00
KRW-ASTR,81.51,81.29,81.53,81.29,62809.17414308,2024-09-14T22:55:00
KRW-ASTR,81.33,81.28,81.52,81.19,23605.52160051,2024-09-14T22:50:00
KRW-ASTR,81.35,81.58,81.58,81.33,438995.06132085,2024-09-14T22:45:00
BTC-SPURS,3.153e-05,3.152e-05,3.188e-05,3.091e-05,393.2268527,2024-09-14T19:50:00
BTC-SPURS,3.088e-05,3.088e-05,3.088e-05,3.088e-05,2.0,2024-09-14T19:30:00
BTC-SPURS,3.051e-05,3.051e-05,3.051e-05,3.051e-05,4.06275098,2024-09-14T19:25:00
KRW-ID,464.6,465.6,465.6,464.4,2847.03715938,2024-09-14T22:50:00
KRW-ID,464.8,465.5,465.6,464.8,8074.35632294,2024-09-14T22:45:00
KRW-ID,464.6,464.6,464.6,464.6,10.9215986,2024-09-14T22:40:00
KRW-PYTH,392.3,392.3,392.3,392.3,101.96278358,2024-09-14T22:40:00
KRW-PYTH,391.7,391.7,391.7,391.7,492.41319576,2024-09-14T22:35:00
KRW-PYTH,391.7,391.8,392.1,391.7,10572.88496524,2024-09-14T22:30:00
BTC-PYTH,4.89e-06,4.89e-06,4.89e-06,4.89e-06,200.0,2024-09-14T13:15:00
BTC-PYTH,4.91e-06,4.91e-06,4.91e-06,4.91e-06,1738.453,2024-09-14T01:45:00
BTC-PYTH,5.19e-06,5.19e-06,5.19e-06,5.19e-06,417.5741726,2024-09-13T12:15:00
BTC-ALT,1.35e-06,1.35e-06,1.35e-06,1.35e-06,28023.58084637,2024-09-14T20:55:00
BTC-ALT,1.35e-06,1.35e-06,1.35e-06,1.35e-06,63893.26472086,2024-09-14T20:50:00
BTC-ALT,1.35e-06,1.36e-06,1.36e-06,1.35e-06,109.32741675,2024-09-14T19:25:00
BTC-POKT,6.6e-07,6.6e-07,6.6e-07,6.6e-07,367.63636363,2024-09-14T22:40:00
BTC-POKT,6.5e-07,6.5e-07,6.5e-07,6.5e-07,47824.99633269,2024-09-14T22:30:00
BTC-POKT,6.6e-07,6.6e-07,6.6e-07,6.6e-07,100.0,2024-09-14T22:20:00
USDT-POKT,0.04535,0.04535,0.04535,0.04535,81.68657582,2024-09-13T01:35:00
USDT-POKT,0.04535,0.04535,0.04535,0.04535,151.27611609,2024-09-12T23:35:00
USDT-POKT,0.04535,0.04535,0.04535,0.04535,271.43643853,2024-09-12T23:10:00
KRW-MNT,777.0,777.0,777.3,777.0,5737.79883111,2024-09-14T22:50:00
KRW-MNT,777.3,777.3,777.3,777.1,16441.28107079,2024-09-14T22:45:00
KRW-MNT,777.1,777.3,777.3,777.0,5033.93628445,2024-09-14T22:40:00
BTC-MNT,9.91e-06,9.91e-06,9.91e-06,9.91e-06,10.09081735,2024-09-14T12:30:00
BTC-MNT,9.43e-06,9.43e-06,9.43e-06,9.43e-06,329.0,2024-09-14T07:35:00
BTC-MNT,9.38e-06,9.38e-06,9.38e-06,9.38e-06,25.36342884,2024-09-14T00:45:00
USDT-MNT,0.5514,0.5514,0.5514,0.5514,1.0,2024-09-11T23:00:00
USDT-MNT,0.5532,0.5527,0.5532,0.5527,2.0,2024-09-11T22:50:00
USDT-MNT,0.5509,0.5507,0.5509,0.5507,8.59326805,2024-09-10T01:20:00
BTC-BIGTIME,2.02e-06,2.02e-06,2.02e-06,2.02e-06,12413.08158908,2024-09-14T21:40:00
BTC-BIGTIME,2.02e-06,2.02e-06,2.02e-06,2.02e-06,2582.15846522,2024-09-14T21:35:00
BTC-BIGTIME,2.02e-06,2.02e-06,2.02e-06,2.02e-06,14410.9965112,2024-09-14T21:30:00
USDT-BIGTIME,0.1259,0.1259,0.1259,0.1259,176.33914863,2024-09-14T21:20:00
USDT-BIGTIME,0.1259,0.1259,0.1259,0.1259,32.35326881,2024-09-14T16:15:00
USDT-BIGTIME,0.1049,0.1049,0.1049,0.1049,3527.52342129,2024-09-14T09:30:00
KRW-AKT,3337.0,3341.0,3341.0,3337.0,136.3687666,2024-09-14T22:55:00
KRW-AKT,3345.0,3341.0,3345.0,3335.0,1204.90124144,2024-09-14T22:50:00
KRW-AKT,3351.0,3349.0,3352.0,3345.0,1122.05655844,2024-09-14T22:45:00
BTC-AKT,4.437e-05,4.437e-05,4.437e-05,4.437e-05,2.25377507,2024-09-14T10:00:00
BTC-AKT,4.29e-05,4.29e-05,4.29e-05,4.29e-05,109.86119715,2024-09-13T10:15:00
BTC-AKT,4.29e-05,4.29e-05,4.29e-05,4.29e-05,1228.58921751,2024-09-13T10:10:00
USDT-AKT,2.404,2.404,2.404,2.404,1.0630945,2024-09-14T04:35:00
USDT-AKT,2.404,2.404,2.404,2.404,5.09828136,2024-09-13T19:15:00
USDT-AKT,2.411,2.404,2.415,2.404,2.18023483,2024-09-10T10:10:00
KRW-ZETA,646.1,646.1,646.1,646.1,15.50387596,2024-09-14T22:55:00
KRW-ZETA,645.0,645.0,645.0,645.0,12427.79546368,2024-09-14T22:50:00
KRW-ZETA,644.9,644.9,645.6,644.9,4684.24952598,2024-09-14T22:45:00
BTC-ZETA,7.99e-06,7.99e-06,7.99e-06,7.99e-06,303.7484,2024-09-14T18:00:00
BTC-ZETA,8.2e-06,8.2e-06,8.2e-06,8.2e-06,2060.93868903,2024-09-14T05:45:00
BTC-ZETA,8.11e-06,8.1e-06,8.11e-06,8.1e-06,937.8598785,2024-09-13T22:25:00
USDT-ZETA,0.4816,0.4816,0.4816,0.4816,2518.22473123,2024-09-14T13:25:00
USDT-ZETA,0.4659,0.4659,0.4659,0.4659,2.0,2024-09-12T00:35:00
USDT-ZETA,0.4592,0.4592,0.4592,0.4592,2.28017196,2024-09-11T13:15:00
BTC-OMNI,0.00012399,0.00012399,0.00012399,0.00012399,4.51649326,2024-09-14T19:55:00
BTC-OMNI,0.00012282,0.00012282,0.00012332,0.00012282,33.36197287,2024-09-14T18:40:00
BTC-OMNI,0.00012473,0.00012467,0.00012473,0.00012467,83.21175904,2024-09-14T14:25:00
USDT-OMNI,7.0,7.0,7.0,7.0,7.45889853,2024-09-13T01:00:00
USDT-OMNI,7.0,7.0,7.0,7.0,0.07555296,2024-09-12T00:40:00
USDT-OMNI,7.0,7.0,7.0,7.0,0.18565051,2024-09-11T13:50:00
BTC-OAS,6.7e-07,6.7e-07,6.7e-07,6.7e-07,726.11194029,2024-09-14T22:40:00
BTC-OAS,6.5e-07,6.7e-07,6.7e-07,6.5e-07,1083.12087428,2024-09-14T21:35:00
BTC-OAS,6.7e-07,6.6e-07,6.7e-07,6.6e-07,488.37607473,2024-09-14T21:25:00
USDT-OAS,0.04,0.04,0.04,0.04,70.55031893,2024-09-13T18:15:00
USDT-OAS,0.04,0.04,0.04,0.04,23684.48856953,2024-09-13T18:05:00
USDT-OAS,0.04,0.04,0.04,0.04,68687.91122142,2024-09-13T18:00:00
KRW-AUCTION,19580.0,19580.0,19580.0,19580.0,208.01585604,2024-09-14T22:55:00
KRW-AUCTION,19520.0,19590.0,19610.0,19500.0,3896.89106662,2024-09-14T22:50:00
KRW-AUCTION,19570.0,19570.0,19580.0,19540.0,2603.99852998,2024-09-14T22:45:00
KRW-STG,392.1,392.1,392.1,392.1,19.01810762,2024-09-14T22:50:00
KRW-STG,392.0,392.0,392.0,392.0,1066.29338392,2024-09-14T22:45:00
KRW-STG,391.5,392.1,392.1,390.5,51104.38352955,2024-09-14T22:40:00
KRW-BEAM,19.14,19.14,19.14,19.14,62980.82652703,2024-09-14T22:50:00
KRW-BEAM,19.15,19.18,19.18,19.11,314335.67823858,2024-09-14T22:45:00
KRW-BEAM,19.17,19.18,19.18,19.17,86010.69004244,2024-09-14T22:40:00
BTC-BEAM,2.3e-07,2.3e-07,2.3e-07,2.3e-07,5396.16154299,2024-09-14T18:05:00
BTC-BEAM,2.3e-07,2.3e-07,2.3e-07,2.3e-07,59141.78104081,2024-09-14T10:35:00
BTC-BEAM,2.4e-07,2.4e-07,2.4e-07,2.4e-07,67601.10834026,2024-09-14T03:00:00
USDT-BEAM,0.0143,0.0143,0.0143,0.0143,176.5209698,2024-09-14T14:30:00
USDT-BEAM,0.01431,0.0143,0.01431,0.0143,262.65756302,2024-09-14T13:45:00
USDT-BEAM,0.01431,0.01431,0.01431,0.01431,236.49714284,2024-09-14T13:25:00
KRW-TAIKO,1992.0,1992.0,1992.0,1992.0,1227.4563253,2024-09-14T22:55:00
KRW-TAIKO,1986.0,1992.0,1992.0,1986.0,3225.40008302,2024-09-14T22:50:00
KRW-TAIKO,1986.0,1986.0,1987.0,1986.0,956.39843768,2024-09-14T22:45:00
BTC-TAIKO,2.457e-05,2.457e-05,2.457e-05,2.457e-05,374.94621415,2024-09-14T18:05:00
BTC-TAIKO,2.5e-05,2.5e-05,2.5e-05,2.5e-05,306.56450105,2024-09-14T07:25:00
BTC-TAIKO,2.5e-05,2.5e-05,2.5e-05,2.5e-05,93.43549895,2024-09-14T07:20:00
USDT-TAIKO,1.486,1.486,1.486,1.486,2.71677309,2024-09-13T14:35:00
USDT-TAIKO,1.378,1.378,1.378,1.378,13.16636748,2024-09-11T18:30:00
USDT-TAIKO,1.378,1.378,1.378,1.378,540.18235941,2024-09-11T12:10:00
KRW-USDT,1344.0,1344.0,1345.0,1344.0,2993.20118732,2024-09-14T22:55:00
KRW-USDT,1344.0,1344.0,1345.0,1343.0,25937.0568711,2024-09-14T22:50:00
KRW-USDT,1344.0,1344.0,1345.0,1343.0,42356.47014284,2024-09-14T22:45:00
BTC-USDT,1.665e-05,1.665e-05,1.665e-05,1.665e-05,37.17100444,2024-09-14T20:35:00
BTC-USDT,1.661e-05,1.661e-05,1.661e-05,1.661e-05,11733.46728246,2024-09-14T20:10:00
BTC-USDT,1.679e-05,1.683e-05,1.683e-05,1.679e-05,6633.77978108,2024-09-14T19:55:00
KRW-ONDO,858.3,857.1,858.3,857.1,8714.75497674,2024-09-14T22:50:00
KRW-ONDO,858.3,858.3,858.3,858.3,122.29759405,2024-09-14T22:45:00
KRW-ONDO,855.9,856.5,856.6,855.6,77266.90669138,2024-09-14T22:40:00
BTC-ONDO,1.081e-05,1.081e-05,1.081e-05,1.081e-05,47.0,2024-09-14T19:25:00
BTC-ONDO,1.081e-05,1.081e-05,1.081e-05,1.081e-05,46.0,2024-09-14T17:20:00
BTC-ONDO,1.087e-05,1.087e-05,1.087e-05,1.087e-05,46.0,2024-09-14T15:20:00
USDT-ONDO,0.6245,0.6245,0.6245,0.6245,11.559,2024-09-10T16:20:00
USDT-ONDO,0.6245,0.6245,0.6245,0.6245,6.26596673,2024-09-10T13:25:00
USDT-ONDO,0.6245,0.6245,0.6245,0.6245,236.35563421,2024-09-10T02:15:00
BTC-NEO,0.00016258,0.00016258,0.00016258,0.00016258,11.07147251,2024-09-14T02:40:00
BTC-NEO,0.00016258,0.00016258,0.00016258,0.00016258,6.78886625,2024-09-13T20:55:00
BTC-NEO,0.00016258,0.00016258,0.00016258,0.00016258,32.08716515,2024-09-13T19:10:00
USDT-NEO,9.893,9.896,9.896,9.893,3.09311092,2024-09-13T06:55:00
USDT-NEO,9.999,9.999,9.999,9.999,1.80912446,2024-09-12T23:25:00
USDT-NEO,10.0,10.0,10.0,10.0,7.87717947,2024-09-06T10:40:00
BTC-GAS,5.431e-05,5.431e-05,5.431e-05,5.431e-05,71.75460146,2024-09-13T18:55:00
BTC-GAS,5.396e-05,5.396e-05,5.396e-05,5.396e-05,111.18688482,2024-09-13T18:15:00
BTC-GAS,5.663e-05,5.663e-05,5.663e-05,5.663e-05,1.36800229,2024-09-13T07:35:00
USDT-GAS,3.531,3.531,3.531,3.531,5.65873376,2024-09-14T21:25:00
USDT-GAS,3.527,3.527,3.527,3.527,15.54409394,2024-09-13T14:25:00
USDT-GAS,3.308,3.308,3.308,3.308,0.28970189,2024-09-12T20:40:00
BTC-TT,6e-08,6e-08,6e-08,6e-08,1666.66666666,2024-09-10T16:55:00
BTC-TT,6e-08,6e-08,6e-08,6e-08,14181.68863555,2024-09-09T14:10:00
BTC-TT,5e-08,5e-08,5e-08,5e-08,12987.19866999,2024-09-09T10:10:00
BTC-GAME2,6e-08,6e-08,6e-08,6e-08,59841.16666666,2024-09-14T22:40:00
BTC-GAME2,5e-08,5e-08,5e-08,5e-08,21286.84464078,2024-09-13T20:45:00
BTC-GAME2,7e-08,7e-08,7e-08,7e-08,1508.0,2024-09-11T09:00:00
USDT-SOL,137.25,137.25,137.25,137.25,0.00741684,2024-09-14T20:30:00
USDT-SOL,137.03,137.03,137.03,137.03,0.05572481,2024-09-14T20:10:00
USDT-SOL,137.13,137.13,137.13,137.13,0.05559466,2024-09-14T20:05:00
KRW-ZRO,5151.0,5150.0,5155.0,5150.0,1361.91856547,2024-09-14T22:55:00
KRW-ZRO,5151.0,5151.0,5151.0,5151.0,108.32741194,2024-09-14T22:50:00
KRW-ZRO,5143.0,5145.0,5145.0,5143.0,145.51723429,2024-09-14T22:45:00
BTC-ZRO,6.507e-05,6.507e-05,6.507e-05,6.507e-05,38.44720621,2024-09-14T17:55:00
BTC-ZRO,6.588e-05,6.507e-05,6.588e-05,6.507e-05,650.17651678,2024-09-13T18:50:00
BTC-ZRO,6.583e-05,6.583e-05,6.583e-05,6.583e-05,9.41773758,2024-09-13T14:10:00
USDT-ZRO,3.736,3.736,3.736,3.736,2.80878871,2024-09-13T13:35:00
USDT-ZRO,3.681,3.681,3.681,3.681,5.33446736,2024-09-12T20:35:00
USDT-ZRO,3.681,3.681,3.681,3.681,0.51478298,2024-09-12T18:30:00
KRW-BLAST,12.53,12.54,12.54,12.53,199214.11011151,2024-09-14T22:55:00
KRW-BLAST,12.53,12.53,12.53,12.51,664725.65243781,2024-09-14T22:50:00
KRW-BLAST,12.58,12.52,12.59,12.52,2441502.70530416,2024-09-14T22:45:00
BTC-BLAST,1.5e-07,1.5e-07,1.5e-07,1.5e-07,487.80487804,2024-09-14T21:05:00
BTC-BLAST,1.6e-07,1.6e-07,1.6e-07,1.6e-07,320.88528678,2024-09-13T21:10:00
BTC-BLAST,1.5e-07,1.5e-07,1.5e-07,1.5e-07,87845.73708981,2024-09-13T17:10:00
USDT-BLAST,0.009234,0.009234,0.009234,0.009234,2600.0,2024-09-14T08:10:00
USDT-BLAST,0.01038,0.01038,0.01038,0.01038,61899.20485487,2024-09-13T12:15:00
USDT-BLAST,0.01039,0.01039,0.01039,0.01039,1436.85461653,2024-09-13T09:50:00
KRW-JUP,1034.0,1034.0,1034.0,1034.0,10.8490849,2024-09-14T22:50:00
KRW-JUP,1034.0,1034.0,1034.0,1034.0,5.01554508,2024-09-14T22:40:00
KRW-JUP,1034.0,1037.0,1037.0,1033.0,4006.27760806,2024-09-14T22:35:00
BTC-JUP,1.232e-05,1.232e-05,1.232e-05,1.232e-05,97.08737864,2024-09-13T15:55:00
BTC-JUP,1.285e-05,1.285e-05,1.285e-05,1.285e-05,17.49675233,2024-09-13T14:30:00
BTC-JUP,1.289e-05,1.289e-05,1.289e-05,1.289e-05,7.28936517,2024-09-13T14:00:00
USDT-JUP,0.7314,0.7314,0.7314,0.7314,5.46702387,2024-09-13T14:00:00
USDT-JUP,0.7122,0.7122,0.7122,0.7122,494.67638028,2024-09-06T20:55:00
USDT-JUP,0.7122,0.7122,0.7122,0.7122,109.727,2024-09-06T01:45:00
KRW-ENS,23530.0,23530.0,23530.0,23530.0,8.23931329,2024-09-14T22:50:00
KRW-ENS,23540.0,23530.0,23540.0,23530.0,38.60955176,2024-09-14T22:45:00
KRW-ENS,23550.0,23530.0,23550.0,23520.0,35.61542334,2024-09-14T22:40:00
KRW-G,48.04,48.04,48.04,48.04,895.72516697,2024-09-14T22:55:00
KRW-G,48.06,48.05,48.06,48.04,57094.13818798,2024-09-14T22:50:00
KRW-G,48.02,48.06,48.06,48.02,109929.85610055,2024-09-14T22:45:00
KRW-PENDLE,4493.0,4490.0,4493.0,4490.0,572.41164887,2024-09-14T22:50:00
KRW-PENDLE,4502.0,4502.0,4502.0,4502.0,5.55575299,2024-09-14T22:40:00
KRW-PENDLE,4496.0,4496.0,4496.0,4496.0,34.27910825,2024-09-14T22:35:00
BTC-PENDLE,5.616e-05,5.616e-05,5.616e-05,5.616e-05,5.39671031,2024-09-14T19:25:00
BTC-PENDLE,5.616e-05,5.616e-05,5.616e-05,5.616e-05,21.72367141,2024-09-14T14:10:00
BTC-PENDLE,6.003e-05,6.003e-05,6.003e-05,6.003e-05,1.66583374,2024-09-14T13:50:00
KRW-ATH,76.99,76.9,77.0,76.87,310541.85817387,2024-09-14T22:55:00
KRW-ATH,76.63,76.99,77.03,76.53,1953331.13612942,2024-09-14T22:50:00
KRW-ATH,76.47,76.69,76.78,76.46,1718922.97456767,2024-09-14T22:45:00
BTC-ATH,9.4e-07,1e-06,1e-06,9.4e-07,904.58636084,2024-09-14T15:30:00
BTC-ATH,9.1e-07,9.8e-07,9.8e-07,9.1e-07,704.26785248,2024-09-14T12:40:00
BTC-ATH,9.2e-07,9.2e-07,9.2e-07,9.2e-07,7282.60869565,2024-09-13T22:35:00
USDT-BRETT,0.08105,0.08105,0.08105,0.08105,45.92886226,2024-09-14T22:40:00
USDT-BRETT,0.08115,0.08105,0.0812,0.08105,291.61320424,2024-09-14T22:20:00
USDT-BRETT,0.08417,0.08417,0.08417,0.08417,93.75459253,2024-09-14T21:20:00
USDT-PEPE,7.8e-06,7.72e-06,7.8e-06,7.72e-06,9536041.69477319,2024-09-14T22:55:00
USDT-PEPE,7.72e-06,7.72e-06,7.72e-06,7.72e-06,6252405.02598279,2024-09-14T22:30:00
USDT-PEPE,7.72e-06,7.72e-06,7.73e-06,7.72e-06,7732218.93274553,2024-09-14T22:20:00
KRW-USDC,1344.0,1344.0,1344.0,1344.0,2232.14285714,2024-09-14T22:55:00
KRW-USDC,1344.0,1344.0,1344.0,1344.0,1495.53571428,2024-09-14T22:50:00
KRW-USDC,1341.0,1341.0,1341.0,1341.0,150.85918256,2024-09-14T22:45:00
BTC-USDC,1.657e-05,1.657e-05,1.657e-05,1.657e-05,63.30639656,2024-09-14T10:45:00
BTC-USDC,1.657e-05,1.657e-05,1.657e-05,1.657e-05,63.31732262,2024-09-14T10:20:00
BTC-USDC,1.694e-05,1.706e-05,1.706e-05,1.694e-05,196.27582696,2024-09-13T20:00:00
USDT-USDC,0.9989,0.9989,0.9989,0.9989,265.9293,2024-09-14T20:40:00
USDT-USDC,0.9989,0.9989,0.9989,0.9989,595.03630437,2024-09-14T20:25:00
USDT-USDC,0.9989,0.9989,0.9989,0.9989,707.28847136,2024-09-14T18:30:00
KRW-UXLINK,431.5,431.3,431.6,431.2,29151.56426753,2024-09-14T22:55:00
KRW-UXLINK,431.8,431.5,432.5,430.6,527570.12387242,2024-09-14T22:50:00
KRW-UXLINK,432.8,431.8,432.9,429.9,747288.64364029,2024-09-14T22:45:00
BTC-UXLINK,5.36e-06,5.36e-06,5.36e-06,5.36e-06,572.61620889,2024-09-14T22:50:00
BTC-UXLINK,5.36e-06,5.36e-06,5.36e-06,5.36e-06,18.34507842,2024-09-14T19:40:00
BTC-UXLINK,5.34e-06,5.34e-06,5.34e-06,5.34e-06,1249.23610157,2024-09-14T19:05:00
USDT-UXLINK,0.2888,0.2888,0.2888,0.2888,380.88642659,2024-09-14T22:15:00
USDT-UXLINK,0.4,0.4,0.4,0.4,1.41267182,2024-09-14T22:00:00
USDT-UXLINK,0.4439,0.4439,0.4439,0.4439,95.28372883,2024-09-14T20:30:00
KRW-BIGTIME,167.8,167.7,167.9,167.0,1037347.20254401,2024-09-14T22:55:00
KRW-BIGTIME,166.9,167.8,168.0,166.1,5452566.88320691,2024-09-14T22:50:00
KRW-BIGTIME,166.0,166.9,167.5,165.8,8346770.32590061,2024-09-14T22:45:00
KRW-CKB,18.6,18.59,18.6,18.58,4608534.53006116,2024-09-14T22:55:00
KRW-CKB,18.63,18.6,18.63,18.59,13171754.2150569,2024-09-14T22:50:00
KRW-CKB,18.63,18.61,18.64,18.61,8962664.81726109,2024-09-14T22:45:00
BTC-CKB,2.3e-07,2.3e-07,2.3e-07,2.3e-07,12431.48650113,2024-09-14T22:40:00
BTC-CKB,2.3e-07,2.3e-07,2.3e-07,2.3e-07,9701.97423108,2024-09-14T22:35:00
BTC-CKB,2.3e-07,2.3e-07,2.3e-07,2.3e-07,28975.90805594,2024-09-14T22:25:00
USDT-CKB,0.01336,0.0134,0.01375,0.01336,35526.73448125,2024-09-14T22:50:00
USDT-CKB,0.01393,0.01393,0.01393,0.01393,5357.42046254,2024-09-14T18:40:00
USDT-CKB,0.01393,0.01393,0.01393,0.01393,1100.56536843,2024-09-14T18:25:00
